"|","|__name","|__scientific_name","|__gbif_id","|__iucn_status"
"0","Birds","Stenogobius marinus Watson, 1991","2377252","LEAST_CONCERN"
"15","Parrots","Chlorurus microrhinos (Bleeker, 1854)","5211130","LEAST_CONCERN"
"23","Black-bellied Plover","Pluvialis squatarola (Linnaeus, 1758)","2480327","LEAST_CONCERN"
"24","Black-bellied Whistling-Duck","Dendrocygna autumnalis (Linnaeus, 1758)","2498393","LEAST_CONCERN"
"26","Semipalmated Plover","Charadrius semipalmatus Bonaparte, 1825","2480295","LEAST_CONCERN"
"27","Greater White-fronted Goose","Anser albifrons x caerulescens","10556333","Not Available"
"28","Black Vulture","Coragyps atratus (Bechstein, 1793)","2481942","LEAST_CONCERN"
"29","American White Pelican","Pelecanus erythrorhynchos Gmelin, 1789","5229155","LEAST_CONCERN"
"30","Killdeer","Charadrius vociferus Linnaeus, 1758","2480320","LEAST_CONCERN"
"31","Red-headed Woodpecker","Melanerpes erythrocephalus (Linnaeus, 1758)","2478130","LEAST_CONCERN"
"33","Snow Goose","Anser caerulescens x canagicus","10498423","Not Available"
"34","Chimney Swift","Chaetura pelagica (Linnaeus, 1758)","4409023","VULNERABLE"
"35","American Oystercatcher","Haematopus palliatus Temminck, 1820","2480273","LEAST_CONCERN"
"36","Ross's Goose","Anser caerulescens x rossii","9826714","Not Available"
"37","Barn Owl","Tyto furcata (Temminck, 1827)","9568884","NOT_EVALUATED"
"39","Black Oystercatcher","Haematopus bachmani Audubon, 1838","2480272","LEAST_CONCERN"
"40","Turkey Vulture","Cathartes aura (Linnaeus, 1758)","2481930","LEAST_CONCERN"
"41","Brown Pelican","Pelecanus occidentalis Linnaeus, 1766","5229158","LEAST_CONCERN"
"42","Brant","Parotomys brantsii (A.Smith, 1834)","2438856","LEAST_CONCERN"
"43","Scaled Quail","Callipepla squamata (Vigors, 1830)","5228075","LEAST_CONCERN"
"44","Northern Gannet","Morus bassanus (Linnaeus, 1758)","2480964","LEAST_CONCERN"
"45","Rock Pigeon","Petrophassa rufipennis Collett, 1898","2496038","LEAST_CONCERN"
"46","Black-necked Stilt","Himantopus mexicanus (P.L.S.Müller, 1776)","5229128","LEAST_CONCERN"
"47","Acorn Woodpecker","Melanerpes formicivorus (Swainson, 1827)","2478133","LEAST_CONCERN"
"49","Pied-billed Grebe","Podilymbus podiceps (Linnaeus, 1758)","2482077","LEAST_CONCERN"
"50","American Avocet","Recurvirostra americana J.F.Gmelin, 1789","2480258","LEAST_CONCERN"
"51","Cackling Goose","Branta hutchinsii (Richardson, 1832)","5232452","LEAST_CONCERN"
"52","Vaux's Swift","Chaetura vauxi (J.K.Townsend, 1839)","5228612","LEAST_CONCERN"
"53","Osprey","Pandion lovensis Becker, 1985","8559107","NOT_EVALUATED"
"54","Crested Caracara","Caracara plancus (J.F.Miller, 1777)","2480989","LEAST_CONCERN"
"56","Spotted Sandpiper","Actitis macularius (Linnaeus, 1766)","2481798","LEAST_CONCERN"
"57","Canada Goose","Branta leucopsis x canadensis","9952178","Not Available"
"58","Great Blue Heron","Ardea herodias Linnaeus, 1758","9630752","LEAST_CONCERN"
"59","Solitary Sandpiper","Tringa solitaria A.Wilson, 1813","2481710","LEAST_CONCERN"
"60","Mute Swan","Cygnus olor (J.F.Gmelin, 1789)","2498343","LEAST_CONCERN"
"61","Purple Gallinule","Porphyrio martinica (Linnaeus, 1766)","5228136","LEAST_CONCERN"
"62","Western Screech-Owl","Megascops kennicottii (D.G.Elliot, 1867)","2497341","LEAST_CONCERN"
"63","Gila Woodpecker","Melanerpes uropygialis (S.F.Baird, 1854)","2478112","LEAST_CONCERN"
"64","Swallows","Cecropis abyssinica (Guerin-Meneville, 1843)","6095032","LEAST_CONCERN"
"65","Greater Yellowlegs","Tringa melanoleuca (J.F.Gmelin, 1789)","2481720","LEAST_CONCERN"
"66","Swallow-tailed Kite","Elanoides forficatus (Linnaeus, 1758)","2480461","LEAST_CONCERN"
"67","Trumpeter Swan","Cygnus buccinator Richardson, 1831","2498345","LEAST_CONCERN"
"68","White-throated Swift","Aeronautes saxatalis (Woodhouse, 1853)","2477108","LEAST_CONCERN"
"70","Willet","Tringa semipalmata (J.F.Gmelin, 1789)","5789298","LEAST_CONCERN"
"71","Great Egret","Ardea modesta J.E.Gray, 1831","6066379","NOT_EVALUATED"
"72","Tundra Swan","Cygnus columbianus (Ord, 1815)","2498338","LEAST_CONCERN"
"73","California Quail","Callipepla californica (Shaw, 1798)","5228080","LEAST_CONCERN"
"74","Red-throated Loon","Gavia stellata (Pontoppidan, 1763)","2481958","LEAST_CONCERN"
"75","Brandt's Cormorant","Urile penicillatus (J.F.Brandt, 1837)","10682451","LEAST_CONCERN"
"76","Band-tailed Pigeon","Patagioenas fasciata (Say, 1822)","2495266","LEAST_CONCERN"
"77","Yellow-billed Cuckoo","Coccyzus americanus (Linnaeus, 1758)","2496287","LEAST_CONCERN"
"78","Lesser Yellowlegs","Tringa flavipes (J.F.Gmelin, 1789)","2481721","LEAST_CONCERN"
"79","Golden-fronted Woodpecker","Melanerpes aurifrons (Wagler, 1829)","2478081","LEAST_CONCERN"
"80","Verdin","Auriparus flaviceps (Sundevall, 1850)","2487397","LEAST_CONCERN"
"81","Wood Duck","Aix sponsa (Linnaeus, 1758)","2498387","LEAST_CONCERN"
"82","Whimbrel","Numenius phaeopus (Linnaeus, 1758)","2481784","LEAST_CONCERN"
"83","White-tailed Kite","Elanus leucurus (Vieillot, 1818)","2480367","LEAST_CONCERN"
"84","Horned Grebe","Podiceps auritus (Linnaeus, 1758)","2482059","VULNERABLE"
"85","Snowy Egret","Egretta thula (Molina, 1782)","2480873","LEAST_CONCERN"
"86","Long-billed Curlew","Numenius americanus Bechstein, 1812","2481794","LEAST_CONCERN"
"87","Gadwall","Mareca strepera (Linnaeus, 1758)","9362027","LEAST_CONCERN"
"88","Eastern Screech-Owl","Megascops asio (Linnaeus, 1758)","2497415","LEAST_CONCERN"
"90","Broad-billed Hummingbird","Cynanthus latirostris Swainson, 1827","5228542","LEAST_CONCERN"
"91","Marbled Godwit","Limosa fedoa (Linnaeus, 1758)","2481684","LEAST_CONCERN"
"92","American Wigeon","Mareca americana x penelope","10863734","Not Available"
"93","Mississippi Kite","Ictinia mississippiensis (A.Wilson, 1811)","2480719","LEAST_CONCERN"
"94","American Kestrel","Falco sparverius Linnaeus, 1758","9685907","LEAST_CONCERN"
"95","Red-bellied Woodpecker","Melanerpes carolinus (Linnaeus, 1758)","2478106","LEAST_CONCERN"
"97","Ruddy Turnstone","Arenaria interpres (Linnaeus, 1758)","2481776","LEAST_CONCERN"
"98","American Black Duck","Anas rubripes x platyrhynchos","10324773","Not Available"
"99","Little Blue Heron","Egretta caerulea (Linnaeus, 1758)","2480894","LEAST_CONCERN"
"100","Black Turnstone","Arenaria melanocephala (Vigors, 1829)","5229406","LEAST_CONCERN"
"102","Mallard","Mareca strepera x Anas platyrhynchos","10853972","Not Available"
"103","Gambel's Quail","Callipepla gambelii (Gambel, 1843)","5228072","LEAST_CONCERN"
"104","Neotropic Cormorant","Phalacrocorax brasilianus (Gmelin, 1789)","9399113","LEAST_CONCERN"
"105","Eurasian Collared-Dove","Streptopelia decaocto (Frivaldszky, 1838)","2495696","LEAST_CONCERN"
"106","Surfbird","Calidris virgata (J.F.Gmelin, 1789)","7964835","LEAST_CONCERN"
"107","Ruby-throated Hummingbird","Archilochus colubris (Linnaeus, 1758)","5228514","LEAST_CONCERN"
"108","Bald Eagle","Haliaeetus leucocephalus (Linnaeus, 1766)","2480446","LEAST_CONCERN"
"109","Mottled Duck","Anas fulvigula Ridgway, 1874","2498080","LEAST_CONCERN"
"110","Common Gallinule","Gallinula chloropus (Linnaeus, 1758)","5228199","LEAST_CONCERN"
"111","Great Horned Owl","Bubo virginianus (J.F.Gmelin, 1788)","5959118","LEAST_CONCERN"
"112","Yellow-bellied Sapsucker","Sphyrapicus varius (Linnaeus, 1766)","2478605","LEAST_CONCERN"
"114","Sanderling","Calidris alba (Pallas, 1764)","2481748","LEAST_CONCERN"
"115","Tricolored Heron","Egretta tricolor (Statius Muller, 1776)","2480881","LEAST_CONCERN"
"116","Blue-winged Teal","Spatula discors (Linnaeus, 1766)","9422220","LEAST_CONCERN"
"117","Semipalmated Sandpiper","Calidris pusilla (Linnaeus, 1766)","2481764","NEAR_THREATENED"
"118","Red-necked Grebe","Podiceps grisegena (Boddaert, 1783)","2482051","LEAST_CONCERN"
"120","Northern Harrier","Circus cyaneus (Linnaeus, 1766)","2480487","LEAST_CONCERN"
"121","Western Sandpiper","Calidris mauri (Cabanis, 1857)","2481742","LEAST_CONCERN"
"122","Cinnamon Teal","Spatula cyanoptera (Vieillot, 1816)","9345027","LEAST_CONCERN"
"123","Black-chinned Hummingbird","Archilochus alexandri (Bourcier & Mulsant, 1846)","5228513","LEAST_CONCERN"
"124","Red-naped Sapsucker","Sphyrapicus nuchalis S.F.Baird, 1858","9406038","LEAST_CONCERN"
"126","Least Sandpiper","Calidris minutilla (Vieillot, 1819)","2481745","LEAST_CONCERN"
"127","Reddish Egret","Egretta rufescens (Gmelin, 1789)","2480888","NEAR_THREATENED"
"128","Northern Shoveler","Spatula clypeata (Linnaeus, 1758)","8332393","LEAST_CONCERN"
"129","Dunlin","Calidris alpina (Linnaeus, 1758)","2481759","LEAST_CONCERN"
"130","Northern Pintail","Mareca penelope x Anas acuta","10838105","Not Available"
"131","Northern Bobwhite","Colinus virginianus (Linnaeus, 1758)","9791464","NEAR_THREATENED"
"132","Pacific Loon","Gavia pacifica (Lawrence, 1858)","2481955","LEAST_CONCERN"
"133","Wood Stork","Mycteria americana Linnaeus, 1758","2481937","LEAST_CONCERN"
"134","Double-crested Cormorant","Phalacrocorax auritus (Lesson, 1831)","2481875","LEAST_CONCERN"
"135","Sharp-shinned Hawk","Accipiter striatus Vieillot, 1808","9740253","LEAST_CONCERN"
"136","Merlin","Falco columbarius Linnaeus, 1758","9813242","LEAST_CONCERN"
"137","White-winged Dove","Zenaida asiatica (Linnaeus, 1758)","2495370","LEAST_CONCERN"
"138","Monk Parakeet","Myiopsitta monachus (Boddaert, 1783)","2479407","LEAST_CONCERN"
"139","Black-billed Cuckoo","Coccyzus erythropthalmus (A.Wilson, 1811)","2496286","LEAST_CONCERN"
"140","Snowy Owl","Bubo scandiacus (Linnaeus, 1758)","5959143","VULNERABLE"
"141","Common Nighthawk","Chordeiles minor (J.R.Forster, 1771)","2497035","LEAST_CONCERN"
"142","Belted Kingfisher","Megaceryle alcyon (Linnaeus, 1758)","2475472","LEAST_CONCERN"
"144","Black Guillemot","Cepphus grylle (Linnaeus, 1758)","2481312","LEAST_CONCERN"
"145","Black-legged Kittiwake","Rissa tridactyla (Linnaeus, 1758)","2481205","VULNERABLE"
"146","Short-billed Dowitcher","Limnodromus griseus (J.F.Gmelin, 1789)","2481672","LEAST_CONCERN"
"147","Green-winged Teal","Anas crecca x carolinensis","9870452","Not Available"
"148","Cattle Egret","Bubulcus coromandus (Boddaert, 1783)","6066393","NOT_EVALUATED"
"149","Wilson's Snipe","Gallinago delicata (Ord, 1825)","2481817","LEAST_CONCERN"
"150","Red-breasted Sapsucker","Sphyrapicus ruber (J.F.Gmelin, 1788)","2478597","LEAST_CONCERN"
"152","Anna's Hummingbird","Calypte anna (R.Lesson, 1829)","2476674","LEAST_CONCERN"
"153","Canvasback","Aythya valisineria (A.Wilson, 1814)","2498256","LEAST_CONCERN"
"154","American Woodcock","Scolopax minor J.F.Gmelin, 1789","2481695","LEAST_CONCERN"
"155","Cooper's Hawk","Accipiter cooperii (Bonaparte, 1828)","2480621","LEAST_CONCERN"
"157","Eared Grebe","Podiceps nigricollis C.L.Brehm, 1831","2482065","LEAST_CONCERN"
"158","Wilson's Phalarope","Phalaropus tricolor (Vieillot, 1819)","5229389","LEAST_CONCERN"
"159","Redhead","Paragobiodon echinocephalus (Rüppell, 1830)","2378093","LEAST_CONCERN"
"160","Green Heron","Butorides virescens (Linnaeus, 1758)","9539567","LEAST_CONCERN"
"161","Ring-necked Duck","Aythya fuligula x collaris","10545600","Not Available"
"162","American Coot","Fulica americana Gmelin, 1789","2474393","LEAST_CONCERN"
"163","Northern Pygmy-Owl","Glaucidium californicum P.L.Sclater, 1857","5232157","LEAST_CONCERN"
"164","Ladder-backed Woodpecker","Dryobates scalaris (Wagler, 1829)","8959883","LEAST_CONCERN"
"166","Harris's Hawk","Parabuteo unicinctus (Temminck, 1824)","2480410","LEAST_CONCERN"
"167","Costa's Hummingbird","Calypte costae (Bourcier, 1839)","2476675","LEAST_CONCERN"
"168","Greater Scaup","Aythya fuligula x marila","10382597","Not Available"
"169","Ring-necked Pheasant","Phasianus colchicus Linnaeus, 1758","9752149","LEAST_CONCERN"
"170","Great Cormorant","Phalacrocorax carbo (Linnaeus, 1758)","2481890","LEAST_CONCERN"
"171","Mourning Dove","Zenaida macroura (Linnaeus, 1758)","2495347","LEAST_CONCERN"
"173","Black-crowned Night-Heron","Nycticorax nycticorax (Linnaeus, 1758)","2480863","LEAST_CONCERN"
"174","Lesser Scaup","Aythya affinis (Eyton, 1838)","2498257","LEAST_CONCERN"
"175","Red-shouldered Hawk","Buteo lineatus (Gmelin, 1788)","2480529","LEAST_CONCERN"
"176","Peregrine Falcon","Falco peregrinus Tunstall, 1771","2481047","LEAST_CONCERN"
"177","Nuttall's Woodpecker","Dryobates nuttallii (Gambel, 1843)","9088491","LEAST_CONCERN"
"179","Common Eider","Somateria mollissima (Linnaeus, 1758)","2498352","NEAR_THREATENED"
"180","Calliope Hummingbird","Selasphorus calliope (Gould, 1847)","7597244","LEAST_CONCERN"
"181","Harlequin Duck","Histrionicus histrionicus (Linnaeus, 1758)","2498224","LEAST_CONCERN"
"182","Burrowing Owl","Athene cunicularia (Molina, 1782)","2497240","LEAST_CONCERN"
"184","Yellow-crowned Night-Heron","Nyctanassa violacea (Linnaeus, 1758)","2480953","LEAST_CONCERN"
"185","Western Grebe","Aechmophorus occidentalis (Lawrence, 1858)","2482033","LEAST_CONCERN"
"186","Broad-winged Hawk","Buteo platypterus (Vieillot, 1823)","2480538","LEAST_CONCERN"
"187","Surf Scoter","Melanitta perspicillata (Linnaeus, 1758)","2498246","LEAST_CONCERN"
"188","Downy Woodpecker","Dryobates pubescens (Linnaeus, 1766)","9149595","LEAST_CONCERN"
"189","Silky-Flycatchers","Phalanger sericeus Thomas, 1907","2440262","LEAST_CONCERN"
"190","Pigeon Guillemot","Cepphus columba Pallas, 1811","9315520","LEAST_CONCERN"
"191","Bonaparte's Gull","Chroicocephalus philadelphia (Ord, 1815)","6065818","NOT_EVALUATED"
"192","White-winged Scoter","Melanitta deglandi (Bonaparte, 1850)","2498243","LEAST_CONCERN"
"193","Ruffed Grouse","Bonasa umbellus (Linnaeus, 1766)","2473702","LEAST_CONCERN"
"194","Common Loon","Gavia immer (Brunnich, 1764)","2481962","LEAST_CONCERN"
"195","Pelagic Cormorant","Phalacrocorax pelagicus Pallas, 1811","2481870","LEAST_CONCERN"
"196","Inca Dove","Columbina inca (R.Lesson, 1847)","2495863","LEAST_CONCERN"
"197","Greater Roadrunner","Geococcyx californianus (Lesson, 1829)","2496459","LEAST_CONCERN"
"198","White Ibis","Threskiornis molucca (Cuvier, 1829)","2480765","LEAST_CONCERN"
"200","Broad-tailed Hummingbird","Selasphorus platycercus (Swainson, 1827)","2476844","LEAST_CONCERN"
"201","Black Scoter","Melanitta nigra (Linnaeus, 1758)","2498247","LEAST_CONCERN"
"202","Swainson's Hawk","Buteo swainsoni Bonaparte, 1838","2480562","LEAST_CONCERN"
"203","Long-tailed Duck","Clangula hyemalis (Linnaeus, 1758)","2498273","VULNERABLE"
"204","Sandhill Crane","Grus canadensis (Linnaeus, 1758)","2474953","LEAST_CONCERN"
"205","Barred Owl","Strix varia Barton, 1799","2497541","LEAST_CONCERN"
"206","Hairy Woodpecker","Leuconotopicus villosus (Linnaeus, 1766)","9192501","LEAST_CONCERN"
"207","Wood-Warblers","Lithobates sylvaticus (LeConte, 1825)","2427072","LEAST_CONCERN"
"208","Glossy Ibis","Plegadis falcinellus (Linnaeus, 1766)","2480773","LEAST_CONCERN"
"209","Bufflehead","Osmia bucephala Cresson, 1864","5039079","NOT_EVALUATED"
"210","Red-tailed Hawk","Buteo jamaicensis (Gmelin, 1788)","2480542","LEAST_CONCERN"
"211","Prairie Falcon","Falco mexicanus Schlegel, 1850","2481000","LEAST_CONCERN"
"213","Rufous Hummingbird","Selasphorus rufus (J.F.Gmelin, 1788)","2476855","NEAR_THREATENED"
"214","Common Goldeneye","Bucephala clangula (Linnaeus, 1758)","2498326","LEAST_CONCERN"
"215","Clark's Grebe","Aechmophorus clarkii (Lawrence, 1858)","2482032","LEAST_CONCERN"
"216","Northern Flicker","Colaptes auratus (Linnaeus, 1758)","2478259","LEAST_CONCERN"
"218","Laughing Gull","Leucophaeus atricilla (Linnaeus, 1758)","6065844","NOT_EVALUATED"
"219","Barrow's Goldeneye","Bucephala islandica (J.F.Gmelin, 1789)","2498325","LEAST_CONCERN"
"220","Wild Turkey","Meleagris gallopavo Linnaeus, 1758","9606290","LEAST_CONCERN"
"221","Anhinga","Anhinga anhinga (Linnaeus, 1766)","2482082","LEAST_CONCERN"
"222","Common Ground-Dove","Columbina passerina (Linnaeus, 1758)","2495869","LEAST_CONCERN"
"223","White-faced Ibis","Plegadis chihi (Vieillot, 1817)","9375033","LEAST_CONCERN"
"224","Rough-legged Hawk","Buteo lagopus (Pontoppidan, 1763)","2480524","LEAST_CONCERN"
"225","Hooded Merganser","Lophodytes cucullatus (Linnaeus, 1758)","2498408","LEAST_CONCERN"
"226","Northern Saw-whet Owl","Aegolius acadicus (J.F.Gmelin, 1788)","5232207","LEAST_CONCERN"
"228","Allen's Hummingbird","Selasphorus sasin (R.Lesson, 1829)","2476852","LEAST_CONCERN"
"229","Common Merganser","Mergus merganser Linnaeus, 1758","9537647","LEAST_CONCERN"
"230","Pileated Woodpecker","Dryocopus pileatus (Linnaeus, 1758)","5228824","LEAST_CONCERN"
"232","Heermann's Gull","Larus heermanni Cassin, 1852","2481130","NEAR_THREATENED"
"233","Roseate Spoonbill","Platalea ajaja Linnaeus, 1758","2480803","LEAST_CONCERN"
"234","Golden Eagle","Aquila bivia Emslie & Czaplewski, 1999","8482549","NOT_EVALUATED"
"235","Red-breasted Merganser","Mergus serrator Linnaeus, 1758","2498375","LEAST_CONCERN"
"237","Mew Gull","Ichthyaetus melanocephalus x Larus canus","10528985","Not Available"
"238","Ruddy Duck","Oxyura jamaicensis (J.F.Gmelin, 1789)","2498305","LEAST_CONCERN"
"239","Western Gull","Larus occidentalis Audubon, 1839","9656686","LEAST_CONCERN"
"240","Ring-billed Gull","Larus delawarensis Ord, 1815","2481134","LEAST_CONCERN"
"241","California Gull","Larus californicus Lawrence, 1854","2481146","LEAST_CONCERN"
"242","Herring Gull","Larus smithsonianus Coues, 1862","4848480","LEAST_CONCERN"
"243","Glaucous-winged Gull","Larus glaucescens J.F.Naumann, 1840","2481196","LEAST_CONCERN"
"244","Great Black-backed Gull","Larus argentatus x marinus","10305684","Not Available"
"245","Caspian Tern","Hydroprogne caspia (Pallas, 1770)","2481236","LEAST_CONCERN"
"246","Black Tern","Chlidonias niger (Linnaeus, 1758)","2481119","LEAST_CONCERN"
"247","Common Tern","Sterna hirundo Linnaeus, 1758","9367409","LEAST_CONCERN"
"248","Forster's Tern","Sterna forsteri Nuttall, 1834","5229247","LEAST_CONCERN"
"249","Royal Tern","Thalasseus maximus (Boddaert, 1783)","5789281","LEAST_CONCERN"
"250","Black Skimmer","Rynchops niger Linnaeus, 1758","2481209","LEAST_CONCERN"
"251","Ovenbird","Seiurus aurocapilla (Linnaeus, 1766)","2489590","LEAST_CONCERN"
"252","Green-tailed Towhee","Pipilo chlorurus (Audubon, 1839)","2491276","LEAST_CONCERN"
"253","Louisiana Waterthrush","Parkesia motacilla (Vieillot, 1809)","6093862","LEAST_CONCERN"
"254","Bobolink","Dolichonyx oryzivorus (Linnaeus, 1758)","2484417","LEAST_CONCERN"
"255","Gray-crowned Rosy-Finch","Leucosticte tephrocotis (Swainson, 1832)","2494360","LEAST_CONCERN"
"256","Western Wood-Pewee","Contopus sordidulus P.L.Sclater, 1859","5229754","LEAST_CONCERN"
"257","Gray Jay","Perisoreus canadensis (Linnaeus, 1766)","2482436","LEAST_CONCERN"
"258","Spotted Towhee","Pipilo maculatus Swainson, 1827","9709230","LEAST_CONCERN"
"259","Summer Tanager","Piranga rubra (Linnaeus, 1758)","2488485","LEAST_CONCERN"
"260","Northern Waterthrush","Parkesia noveboracensis (J.F.Gmelin, 1789)","6093856","LEAST_CONCERN"
"261","Carolina Chickadee","Poecile carolinensis (Audubon, 1834)","2487844","LEAST_CONCERN"
"262","Eastern Bluebird","Sialia sialis (Linnaeus, 1758)","2490941","LEAST_CONCERN"
"263","White-eyed Vireo","Vireo griseus (Boddaert, 1783)","2487413","LEAST_CONCERN"
"264","Purple Martin","Progne subis (Linnaeus, 1758)","2489129","LEAST_CONCERN"
"265","Cactus Wren","Campylorhynchus brunneicapillus (Lafresnaye, 1835)","5231474","LEAST_CONCERN"
"266","Blue-winged Warbler","Vermivora cyanoptera Olson & Reveal, 2009","6093846","LEAST_CONCERN"
"267","Eastern Towhee","Pipilo erythrophthalmus (Linnaeus, 1758)","2491205","LEAST_CONCERN"
"268","Red-winged Blackbird","Agelaius phoeniceus (Linnaeus, 1766)","9409198","LEAST_CONCERN"
"269","Black Rosy-Finch","Leucosticte atrata Ridgway, 1874","2494372","ENDANGERED"
"270","Eastern Wood-Pewee","Contopus virens (Linnaeus, 1766)","5229734","LEAST_CONCERN"
"271","Steller's Jay","Cyanocitta stelleri (Gmelin, 1788)","2482598","LEAST_CONCERN"
"272","Black-and-white Warbler","Mniotilta varia (Linnaeus, 1766)","2489613","LEAST_CONCERN"
"273","Rufous-crowned Sparrow","Aimophila ruficeps (Cassin, 1852)","2491961","LEAST_CONCERN"
"274","Scarlet Tanager","Piranga olivacea (J.F.Gmelin, 1789)","2488517","LEAST_CONCERN"
"275","Gray Catbird","Dumetella carolinensis (Linnaeus, 1766)","2494936","LEAST_CONCERN"
"276","Prothonotary Warbler","Protonotaria citrea (Boddaert, 1783)","2489871","LEAST_CONCERN"
"277","Eastern Meadowlark","Sturnella magna (Linnaeus, 1758)","2484254","NEAR_THREATENED"
"278","Black-capped Chickadee","Poecile atricapillus (Linnaeus, 1766)","2487805","LEAST_CONCERN"
"279","Western Bluebird","Sialia mexicana Swainson, 1832","2490936","LEAST_CONCERN"
"280","Brown-capped Rosy-Finch","Leucosticte australis Ridgway, 1874","2494359","ENDANGERED"
"281","Least Flycatcher","Empidonax minimus (W.M.Baird & S.F.Baird, 1843)","2482791","LEAST_CONCERN"
"282","Canyon Towhee","Melozone fusca (Swainson, 1827)","7341622","LEAST_CONCERN"
"283","Tennessee Warbler","Leiothlypis peregrina (A.Wilson, 1811)","7415507","LEAST_CONCERN"
"284","Red-breasted Nuthatch","Sitta canadensis Linnaeus, 1766","2484879","LEAST_CONCERN"
"285","Bell's Vireo","Vireo bellii Audubon, 1844","2487441","LEAST_CONCERN"
"286","Blue Jay","Cyanocitta cristata (Linnaeus, 1758)","2482593","LEAST_CONCERN"
"287","Tree Swallow","Tachycineta speleodytes Brodkorb, 1957","8694402","NOT_EVALUATED"
"288","Canyon Wren","Catherpes mexicanus (Swainson, 1829)","5231430","LEAST_CONCERN"
"289","Orange-crowned Warbler","Leiothlypis celata (Say, 1822)","8169649","LEAST_CONCERN"
"290","California Towhee","Melozone crissalis (Vigors, 1839)","7341600","LEAST_CONCERN"
"291","Western Tanager","Piranga ludoviciana (A.Wilson, 1811)","2488484","LEAST_CONCERN"
"292","Western Meadowlark","Sturnella neglecta Audubon, 1844","9596413","LEAST_CONCERN"
"293","Nashville Warbler","Leiothlypis ruficapilla (A.Wilson, 1811)","7531611","LEAST_CONCERN"
"294","Pine Grosbeak","Pinicola enucleator (Linnaeus, 1758)","2494771","LEAST_CONCERN"
"295","Common Eider","Somateria mollissima (Linnaeus, 1758)","2498352","NEAR_THREATENED"
"296","Long-tailed Duck","Clangula hyemalis (Linnaeus, 1758)","2498273","VULNERABLE"
"297","Ruddy Duck","Oxyura jamaicensis (J.F.Gmelin, 1789)","2498305","LEAST_CONCERN"
"298","Swainson's Hawk","Buteo swainsoni Bonaparte, 1838","2480562","LEAST_CONCERN"
"299","Red-tailed Hawk","Buteo jamaicensis (Gmelin, 1788)","2480542","LEAST_CONCERN"
"300","Pacific-slope Flycatcher","Empidonax difficilis S.F.Baird, 1858","9568685","LEAST_CONCERN"
"301","Florida Scrub-Jay","Aphelocoma coerulescens (Bosc, 1795)","2482400","VULNERABLE"
"302","Abert's Towhee","Melozone aberti (S.F.Baird, 1852)","7341587","LEAST_CONCERN"
"303","Mountain Chickadee","Poecile gambeli (Ridgway, 1886)","2487825","LEAST_CONCERN"
"304","Mountain Bluebird","Sialia currucoides (Bechstein, 1798)","2490935","LEAST_CONCERN"
"305","MacGillivray's Warbler","Geothlypis tolmiei (J.K.Townsend, 1839)","5789146","LEAST_CONCERN"
"306","Yellow-headed Blackbird","Xanthocephalus xanthocephalus (Bonaparte, 1826)","2484195","LEAST_CONCERN"
"307","Yellow-throated Vireo","Vireo flavifrons Vieillot, 1808","2487453","LEAST_CONCERN"
"308","Mourning Warbler","Geothlypis philadelphia (A.Wilson, 1810)","5789148","LEAST_CONCERN"
"309","American Tree Sparrow","Spizelloides arborea (A.Wilson, 1810)","7357320","NOT_EVALUATED"
"310","Northern Cardinal","Cardinalis cardinalis (Linnaeus, 1758)","2490384","LEAST_CONCERN"
"311","Purple Finch","Haemorhous purpureus (J.F.Gmelin, 1789)","7804446","LEAST_CONCERN"
"312","Cordilleran Flycatcher","Empidonax occidentalis Nelson, 1897","2482805","LEAST_CONCERN"
"313","Snow Goose","Anser caerulescens x canagicus","10498423","Not Available"
"314","Wood Duck","Aix sponsa (Linnaeus, 1758)","2498387","LEAST_CONCERN"
"315","Gadwall","Mareca strepera (Linnaeus, 1758)","9362027","LEAST_CONCERN"
"316","American Wigeon","Mareca americana x penelope","10863734","Not Available"
"317","Mallard","Mareca strepera x Anas platyrhynchos","10853972","Not Available"
"318","Blue-winged Teal","Spatula discors (Linnaeus, 1766)","9422220","LEAST_CONCERN"
"319","Cinnamon Teal","Spatula cyanoptera (Vieillot, 1816)","9345027","LEAST_CONCERN"
"320","Northern Shoveler","Spatula clypeata (Linnaeus, 1758)","8332393","LEAST_CONCERN"
"321","Northern Pintail","Mareca penelope x Anas acuta","10838105","Not Available"
"322","Green-winged Teal","Anas crecca x carolinensis","9870452","Not Available"
"323","Canvasback","Aythya valisineria (A.Wilson, 1814)","2498256","LEAST_CONCERN"
"324","Redhead","Paragobiodon echinocephalus (Rüppell, 1830)","2378093","LEAST_CONCERN"
"325","Ring-necked Duck","Aythya fuligula x collaris","10545600","Not Available"
"326","Greater Scaup","Aythya fuligula x marila","10382597","Not Available"
"327","Lesser Scaup","Aythya affinis (Eyton, 1838)","2498257","LEAST_CONCERN"
"328","Harlequin Duck","Histrionicus histrionicus (Linnaeus, 1758)","2498224","LEAST_CONCERN"
"329","Surf Scoter","Melanitta perspicillata (Linnaeus, 1758)","2498246","LEAST_CONCERN"
"330","White-winged Scoter","Melanitta deglandi (Bonaparte, 1850)","2498243","LEAST_CONCERN"
"331","Black Scoter","Melanitta nigra (Linnaeus, 1758)","2498247","LEAST_CONCERN"
"332","Bufflehead","Osmia bucephala Cresson, 1864","5039079","NOT_EVALUATED"
"333","Common Goldeneye","Bucephala clangula (Linnaeus, 1758)","2498326","LEAST_CONCERN"
"334","Barrow's Goldeneye","Bucephala islandica (J.F.Gmelin, 1789)","2498325","LEAST_CONCERN"
"335","Hooded Merganser","Lophodytes cucullatus (Linnaeus, 1758)","2498408","LEAST_CONCERN"
"336","Common Merganser","Mergus merganser Linnaeus, 1758","9537647","LEAST_CONCERN"
"337","Red-breasted Merganser","Mergus serrator Linnaeus, 1758","2498375","LEAST_CONCERN"
"338","California Quail","Callipepla californica (Shaw, 1798)","5228080","LEAST_CONCERN"
"339","Gambel's Quail","Callipepla gambelii (Gambel, 1843)","5228072","LEAST_CONCERN"
"340","Ring-necked Pheasant","Phasianus colchicus Linnaeus, 1758","9752149","LEAST_CONCERN"
"341","Red-throated Loon","Gavia stellata (Pontoppidan, 1763)","2481958","LEAST_CONCERN"
"342","Pacific Loon","Gavia pacifica (Lawrence, 1858)","2481955","LEAST_CONCERN"
"343","Common Loon","Gavia immer (Brunnich, 1764)","2481962","LEAST_CONCERN"
"344","Horned Grebe","Podiceps auritus (Linnaeus, 1758)","2482059","VULNERABLE"
"345","Red-necked Grebe","Podiceps grisegena (Boddaert, 1783)","2482051","LEAST_CONCERN"
"346","Eared Grebe","Podiceps nigricollis C.L.Brehm, 1831","2482065","LEAST_CONCERN"
"347","Northern Gannet","Morus bassanus (Linnaeus, 1758)","2480964","LEAST_CONCERN"
"348","Double-crested Cormorant","Phalacrocorax auritus (Lesson, 1831)","2481875","LEAST_CONCERN"
"349","Great Cormorant","Phalacrocorax carbo (Linnaeus, 1758)","2481890","LEAST_CONCERN"
"350","Little Blue Heron","Egretta caerulea (Linnaeus, 1758)","2480894","LEAST_CONCERN"
"351","Reddish Egret","Egretta rufescens (Gmelin, 1789)","2480888","NEAR_THREATENED"
"352","Black-crowned Night-Heron","Nycticorax nycticorax (Linnaeus, 1758)","2480863","LEAST_CONCERN"
"353","Yellow-crowned Night-Heron","Nyctanassa violacea (Linnaeus, 1758)","2480953","LEAST_CONCERN"
"354","White Ibis","Threskiornis molucca (Cuvier, 1829)","2480765","LEAST_CONCERN"
"355","Bald Eagle","Haliaeetus leucocephalus (Linnaeus, 1766)","2480446","LEAST_CONCERN"
"356","Northern Harrier","Circus cyaneus (Linnaeus, 1766)","2480487","LEAST_CONCERN"
"357","Sharp-shinned Hawk","Accipiter striatus Vieillot, 1808","9740253","LEAST_CONCERN"
"358","Cooper's Hawk","Accipiter cooperii (Bonaparte, 1828)","2480621","LEAST_CONCERN"
"359","Red-shouldered Hawk","Buteo lineatus (Gmelin, 1788)","2480529","LEAST_CONCERN"
"360","Broad-winged Hawk","Buteo platypterus (Vieillot, 1823)","2480538","LEAST_CONCERN"
"361","Rough-legged Hawk","Buteo lagopus (Pontoppidan, 1763)","2480524","LEAST_CONCERN"
"362","Golden Eagle","Aquila bivia Emslie & Czaplewski, 1999","8482549","NOT_EVALUATED"
"363","American Kestrel","Falco sparverius Linnaeus, 1758","9685907","LEAST_CONCERN"
"364","Peregrine Falcon","Falco peregrinus Tunstall, 1771","2481047","LEAST_CONCERN"
"365","Purple Gallinule","Porphyrio martinica (Linnaeus, 1766)","5228136","LEAST_CONCERN"
"366","Common Gallinule","Gallinula chloropus (Linnaeus, 1758)","5228199","LEAST_CONCERN"
"367","Black-bellied Plover","Pluvialis squatarola (Linnaeus, 1758)","2480327","LEAST_CONCERN"
"368","Spotted Sandpiper","Actitis macularius (Linnaeus, 1766)","2481798","LEAST_CONCERN"
"369","Sanderling","Calidris alba (Pallas, 1764)","2481748","LEAST_CONCERN"
"370","Dunlin","Calidris alpina (Linnaeus, 1758)","2481759","LEAST_CONCERN"
"371","Wilson's Phalarope","Phalaropus tricolor (Vieillot, 1819)","5229389","LEAST_CONCERN"
"372","Broad-billed Hummingbird","Cynanthus latirostris Swainson, 1827","5228542","LEAST_CONCERN"
"373","Ruby-throated Hummingbird","Archilochus colubris (Linnaeus, 1758)","5228514","LEAST_CONCERN"
"374","Black-chinned Hummingbird","Archilochus alexandri (Bourcier & Mulsant, 1846)","5228513","LEAST_CONCERN"
"375","Anna's Hummingbird","Calypte anna (R.Lesson, 1829)","2476674","LEAST_CONCERN"
"376","Costa's Hummingbird","Calypte costae (Bourcier, 1839)","2476675","LEAST_CONCERN"
"377","Calliope Hummingbird","Selasphorus calliope (Gould, 1847)","7597244","LEAST_CONCERN"
"378","Broad-tailed Hummingbird","Selasphorus platycercus (Swainson, 1827)","2476844","LEAST_CONCERN"
"379","Rufous Hummingbird","Selasphorus rufus (J.F.Gmelin, 1788)","2476855","NEAR_THREATENED"
"380","Allen's Hummingbird","Selasphorus sasin (R.Lesson, 1829)","2476852","LEAST_CONCERN"
"381","Red-headed Woodpecker","Melanerpes erythrocephalus (Linnaeus, 1758)","2478130","LEAST_CONCERN"
"382","Northern Flicker","Colaptes auratus (Linnaeus, 1758)","2478259","LEAST_CONCERN"
"383","Loggerhead Shrike","Lanius ludovicianus Linnaeus, 1766","2492870","NEAR_THREATENED"
"384","Western Scrub-Jay","Aphelocoma californica (Vigors, 1839)","2482414","LEAST_CONCERN"
"385","Violet-green Swallow","Tachycineta thalassina (Swainson, 1827)","5230754","LEAST_CONCERN"
"386","Carolina Wren","Thryothorus ludovicianus (Latham, 1790)","2493801","LEAST_CONCERN"
"387","Blue-gray Gnatcatcher","Polioptila caerulea (Linnaeus, 1766)","2487596","LEAST_CONCERN"
"388","Golden-crowned Kinglet","Regulus satrapa Lichtenstein, 1823","2484591","LEAST_CONCERN"
"389","Northern Mockingbird","Mimus polyglottos (Linnaeus, 1758)","5231677","LEAST_CONCERN"
"390","Bohemian Waxwing","Bombycilla garrulus (Linnaeus, 1758)","2484605","LEAST_CONCERN"
"391","Common Yellowthroat","Geothlypis trichas (Linnaeus, 1766)","2489670","LEAST_CONCERN"
"392","Black Guillemot","Cepphus grylle (Linnaeus, 1758)","2481312","LEAST_CONCERN"
"393","Pigeon Guillemot","Cepphus columba Pallas, 1811","9315520","LEAST_CONCERN"
"394","Black-legged Kittiwake","Rissa tridactyla (Linnaeus, 1758)","2481205","VULNERABLE"
"395","Laughing Gull","Leucophaeus atricilla (Linnaeus, 1758)","6065844","NOT_EVALUATED"
"396","Heermann's Gull","Larus heermanni Cassin, 1852","2481130","NEAR_THREATENED"
"397","Ring-billed Gull","Larus delawarensis Ord, 1815","2481134","LEAST_CONCERN"
"398","Western Gull","Larus occidentalis Audubon, 1839","9656686","LEAST_CONCERN"
"399","California Gull","Larus californicus Lawrence, 1854","2481146","LEAST_CONCERN"
"400","Herring Gull","Larus smithsonianus Coues, 1862","4848480","LEAST_CONCERN"
"401","Glaucous-winged Gull","Larus glaucescens J.F.Naumann, 1840","2481196","LEAST_CONCERN"
"402","Great Black-backed Gull","Larus argentatus x marinus","10305684","Not Available"
"403","Chipping Sparrow","Spizella passerina (Bechstein, 1798)","2492109","LEAST_CONCERN"
"404","Rusty Blackbird","Euphagus carolinus (Statius Muller, 1776)","2484184","VULNERABLE"
"405","Hooded Warbler","Setophaga citrina (Boddaert, 1783)","6093374","LEAST_CONCERN"
"406","Chestnut-backed Chickadee","Poecile rufescens (J.K.Townsend, 1837)","2487783","LEAST_CONCERN"
"407","Townsend's Solitaire","Myadestes townsendi (Audubon, 1838)","2490849","LEAST_CONCERN"
"408","Cassin's Finch","Haemorhous cassinii (S.F.Baird, 1854)","8255548","LEAST_CONCERN"
"409","Black Phoebe","Sayornis nigricans (Swainson, 1827)","2483612","LEAST_CONCERN"
"410","Clay-colored Sparrow","Spizella pallida (Swainson, 1832)","2492101","LEAST_CONCERN"
"411","Pyrrhuloxia","Cardinalis sinuatus Bonaparte, 1838","2490405","LEAST_CONCERN"
"412","American Redstart","Setophaga ruticilla (Linnaeus, 1758)","2489985","LEAST_CONCERN"
"413","White-breasted Nuthatch","Sitta carolinensis Latham, 1790","2484892","LEAST_CONCERN"
"414","Plumbeous Vireo","Vireo plumbeus Coues, 1866","9353154","LEAST_CONCERN"
"415","Mexican Jay","Aphelocoma wollweberi Kaup, 1855","9441907","LEAST_CONCERN"
"416","Brewer's Blackbird","Euphagus cyanocephalus (Wagler, 1829)","2484183","LEAST_CONCERN"
"417","Cape May Warbler","Setophaga tigrina (J.F.Gmelin, 1789)","6093357","LEAST_CONCERN"
"418","Brewer's Sparrow","Spizella breweri Cassin, 1856","2492099","LEAST_CONCERN"
"419","House Finch","Haemorhous mexicanus (P.L.Statius Müller, 1776)","8323485","LEAST_CONCERN"
"420","Eastern Phoebe","Sayornis phoebe (Latham, 1790)","2483606","LEAST_CONCERN"
"421","Northern Rough-winged Swallow","Stelgidopteryx serripennis (Audubon, 1838)","2489202","LEAST_CONCERN"
"422","Bewick's Wren","Thryomanes bewickii (Audubon, 1827)","2493843","LEAST_CONCERN"
"423","Northern Parula","Setophaga americana (Linnaeus, 1758)","6093345","LEAST_CONCERN"
"424","Boreal Chickadee","Poecile hudsonicus (J.R.Forster, 1772)","2487793","LEAST_CONCERN"
"425","Veery","Catharus fuscescens (Stephens, 1817)","2490804","LEAST_CONCERN"
"426","Field Sparrow","Spizella pusilla (A.Wilson, 1810)","2492096","LEAST_CONCERN"
"427","Rose-breasted Grosbeak","Pheucticus ludovicianus (Linnaeus, 1766)","2490494","LEAST_CONCERN"
"428","Clark's Nutcracker","Nucifraga columbiana (A.Wilson, 1811)","2482614","LEAST_CONCERN"
"429","Common Grackle","Quiscalus quiscula (Linnaeus, 1758)","2484155","NEAR_THREATENED"
"430","Magnolia Warbler","Setophaga magnolia (A.Wilson, 1811)","6093209","LEAST_CONCERN"
"431","Vesper Sparrow","Pooecetes gramineus (J.F.Gmelin, 1789)","2491728","LEAST_CONCERN"
"432","Horned Lark","Eremophila alpestris (Linnaeus, 1758)","9415596","LEAST_CONCERN"
"433","Verdin","Auriparus flaviceps (Sundevall, 1850)","2487397","LEAST_CONCERN"
"434","Bushtit","Psaltriparus minimus (J.K.Townsend, 1837)","2494988","LEAST_CONCERN"
"435","Brown Creeper","Certhia americana Bonaparte, 1838","9581157","LEAST_CONCERN"
"436","American Dipper","Cinclus mexicanus Swainson, 1827","9606873","LEAST_CONCERN"
"437","Wrentit","Chamaea fasciata (Gambel, 1845)","2493558","LEAST_CONCERN"
"438","Brown Thrasher","Toxostoma rufum (Linnaeus, 1758)","9479809","LEAST_CONCERN"
"439","European Starling","Sturnus vulgaris Linnaeus, 1758","9809229","LEAST_CONCERN"
"440","American Pipit","Anthus rubescens (Tunstall, 1771)","2490263","LEAST_CONCERN"
"441","Phainopepla","Phainopepla nitens (Swainson, 1838)","2492885","LEAST_CONCERN"
"442","Snow Bunting","Plectrophenax nivalis (Linnaeus, 1758)","2491719","LEAST_CONCERN"
"443","Bay-breasted Warbler","Setophaga castanea (A.Wilson, 1810)","6093202","LEAST_CONCERN"
"444","Red Crossbill","Loxia curvirostra Linnaeus, 1758","9629160","LEAST_CONCERN"
"445","House Sparrow","Ceratophyllus fringillae (Walker, 1856)","1417235","NOT_EVALUATED"
"446","Bonaparte's Gull","Chroicocephalus philadelphia (Ord, 1815)","6065818","NOT_EVALUATED"
"447","Mew Gull","Ichthyaetus melanocephalus x Larus canus","10528985","Not Available"
"448","Caspian Tern","Hydroprogne caspia (Pallas, 1770)","2481236","LEAST_CONCERN"
"449","Black Tern","Chlidonias niger (Linnaeus, 1758)","2481119","LEAST_CONCERN"
"450","Common Tern","Sterna hirundo Linnaeus, 1758","9367409","LEAST_CONCERN"
"451","Forster's Tern","Sterna forsteri Nuttall, 1834","5229247","LEAST_CONCERN"
"452","Royal Tern","Thalasseus maximus (Boddaert, 1783)","5789281","LEAST_CONCERN"
"453","Black Skimmer","Rynchops niger Linnaeus, 1758","2481209","LEAST_CONCERN"
"454","Greater White-fronted Goose","Anser albifrons x caerulescens","10556333","Not Available"
"455","Brant","Parotomys brantsii (A.Smith, 1834)","2438856","LEAST_CONCERN"
"456","Cackling Goose","Branta hutchinsii (Richardson, 1832)","5232452","LEAST_CONCERN"
"457","Canada Goose","Branta leucopsis x canadensis","9952178","Not Available"
"458","Mute Swan","Cygnus olor (J.F.Gmelin, 1789)","2498343","LEAST_CONCERN"
"459","Trumpeter Swan","Cygnus buccinator Richardson, 1831","2498345","LEAST_CONCERN"
"460","Tundra Swan","Cygnus columbianus (Ord, 1815)","2498338","LEAST_CONCERN"
"461","American Black Duck","Anas rubripes x platyrhynchos","10324773","Not Available"
"462","Mottled Duck","Anas fulvigula Ridgway, 1874","2498080","LEAST_CONCERN"
"463","Common Eider","Somateria mollissima (Linnaeus, 1758)","2498352","NEAR_THREATENED"
"464","Long-tailed Duck","Clangula hyemalis (Linnaeus, 1758)","2498273","VULNERABLE"
"465","Ruddy Duck","Oxyura jamaicensis (J.F.Gmelin, 1789)","2498305","LEAST_CONCERN"
"466","Scaled Quail","Callipepla squamata (Vigors, 1830)","5228075","LEAST_CONCERN"
"467","Northern Bobwhite","Colinus virginianus (Linnaeus, 1758)","9791464","NEAR_THREATENED"
"468","Ruffed Grouse","Bonasa umbellus (Linnaeus, 1766)","2473702","LEAST_CONCERN"
"469","Wild Turkey","Meleagris gallopavo Linnaeus, 1758","9606290","LEAST_CONCERN"
"470","Pied-billed Grebe","Podilymbus podiceps (Linnaeus, 1758)","2482077","LEAST_CONCERN"
"471","Western Grebe","Aechmophorus occidentalis (Lawrence, 1858)","2482033","LEAST_CONCERN"
"472","Clark's Grebe","Aechmophorus clarkii (Lawrence, 1858)","2482032","LEAST_CONCERN"
"473","Wood Stork","Mycteria americana Linnaeus, 1758","2481937","LEAST_CONCERN"
"474","Brandt's Cormorant","Urile penicillatus (J.F.Brandt, 1837)","10682451","LEAST_CONCERN"
"475","Neotropic Cormorant","Phalacrocorax brasilianus (Gmelin, 1789)","9399113","LEAST_CONCERN"
"476","Pelagic Cormorant","Phalacrocorax pelagicus Pallas, 1811","2481870","LEAST_CONCERN"
"477","Anhinga","Anhinga anhinga (Linnaeus, 1766)","2482082","LEAST_CONCERN"
"478","American White Pelican","Pelecanus erythrorhynchos Gmelin, 1789","5229155","LEAST_CONCERN"
"479","Brown Pelican","Pelecanus occidentalis Linnaeus, 1766","5229158","LEAST_CONCERN"
"480","Great Blue Heron","Ardea herodias Linnaeus, 1758","9630752","LEAST_CONCERN"
"481","Great Egret","Ardea modesta J.E.Gray, 1831","6066379","NOT_EVALUATED"
"482","Snowy Egret","Egretta thula (Molina, 1782)","2480873","LEAST_CONCERN"
"483","Tricolored Heron","Egretta tricolor (Statius Muller, 1776)","2480881","LEAST_CONCERN"
"484","Cattle Egret","Bubulcus coromandus (Boddaert, 1783)","6066393","NOT_EVALUATED"
"485","Green Heron","Butorides virescens (Linnaeus, 1758)","9539567","LEAST_CONCERN"
"486","Glossy Ibis","Plegadis falcinellus (Linnaeus, 1766)","2480773","LEAST_CONCERN"
"487","White-faced Ibis","Plegadis chihi (Vieillot, 1817)","9375033","LEAST_CONCERN"
"488","Roseate Spoonbill","Platalea ajaja Linnaeus, 1758","2480803","LEAST_CONCERN"
"489","Black Vulture","Coragyps atratus (Bechstein, 1793)","2481942","LEAST_CONCERN"
"490","Turkey Vulture","Cathartes aura (Linnaeus, 1758)","2481930","LEAST_CONCERN"
"491","Osprey","Pandion lovensis Becker, 1985","8559107","NOT_EVALUATED"
"492","Swallow-tailed Kite","Elanoides forficatus (Linnaeus, 1758)","2480461","LEAST_CONCERN"
"493","White-tailed Kite","Elanus leucurus (Vieillot, 1818)","2480367","LEAST_CONCERN"
"494","Mississippi Kite","Ictinia mississippiensis (A.Wilson, 1811)","2480719","LEAST_CONCERN"
"495","Harris's Hawk","Parabuteo unicinctus (Temminck, 1824)","2480410","LEAST_CONCERN"
"496","Swainson's Hawk","Buteo swainsoni Bonaparte, 1838","2480562","LEAST_CONCERN"
"497","Red-tailed Hawk","Buteo jamaicensis (Gmelin, 1788)","2480542","LEAST_CONCERN"
"498","Crested Caracara","Caracara plancus (J.F.Miller, 1777)","2480989","LEAST_CONCERN"
"499","Merlin","Falco columbarius Linnaeus, 1758","9813242","LEAST_CONCERN"
"500","Prairie Falcon","Falco mexicanus Schlegel, 1850","2481000","LEAST_CONCERN"
"501","American Coot","Fulica americana Gmelin, 1789","2474393","LEAST_CONCERN"
"502","Sandhill Crane","Grus canadensis (Linnaeus, 1758)","2474953","LEAST_CONCERN"
"503","Semipalmated Plover","Charadrius semipalmatus Bonaparte, 1825","2480295","LEAST_CONCERN"
"504","Killdeer","Charadrius vociferus Linnaeus, 1758","2480320","LEAST_CONCERN"
"505","American Oystercatcher","Haematopus palliatus Temminck, 1820","2480273","LEAST_CONCERN"
"506","Black Oystercatcher","Haematopus bachmani Audubon, 1838","2480272","LEAST_CONCERN"
"507","Black-necked Stilt","Himantopus mexicanus (P.L.S.Müller, 1776)","5229128","LEAST_CONCERN"
"508","American Avocet","Recurvirostra americana J.F.Gmelin, 1789","2480258","LEAST_CONCERN"
"509","Solitary Sandpiper","Tringa solitaria A.Wilson, 1813","2481710","LEAST_CONCERN"
"510","Greater Yellowlegs","Tringa melanoleuca (J.F.Gmelin, 1789)","2481720","LEAST_CONCERN"
"511","Willet","Tringa semipalmata (J.F.Gmelin, 1789)","5789298","LEAST_CONCERN"
"512","Lesser Yellowlegs","Tringa flavipes (J.F.Gmelin, 1789)","2481721","LEAST_CONCERN"
"513","Whimbrel","Numenius phaeopus (Linnaeus, 1758)","2481784","LEAST_CONCERN"
"514","Long-billed Curlew","Numenius americanus Bechstein, 1812","2481794","LEAST_CONCERN"
"515","Marbled Godwit","Limosa fedoa (Linnaeus, 1758)","2481684","LEAST_CONCERN"
"516","Ruddy Turnstone","Arenaria interpres (Linnaeus, 1758)","2481776","LEAST_CONCERN"
"517","Black Turnstone","Arenaria melanocephala (Vigors, 1829)","5229406","LEAST_CONCERN"
"518","Surfbird","Calidris virgata (J.F.Gmelin, 1789)","7964835","LEAST_CONCERN"
"519","Semipalmated Sandpiper","Calidris pusilla (Linnaeus, 1766)","2481764","NEAR_THREATENED"
"520","Western Sandpiper","Calidris mauri (Cabanis, 1857)","2481742","LEAST_CONCERN"
"521","Least Sandpiper","Calidris minutilla (Vieillot, 1819)","2481745","LEAST_CONCERN"
"522","Short-billed Dowitcher","Limnodromus griseus (J.F.Gmelin, 1789)","2481672","LEAST_CONCERN"
"523","Wilson's Snipe","Gallinago delicata (Ord, 1825)","2481817","LEAST_CONCERN"
"524","American Woodcock","Scolopax minor J.F.Gmelin, 1789","2481695","LEAST_CONCERN"
"525","Rock Pigeon","Petrophassa rufipennis Collett, 1898","2496038","LEAST_CONCERN"
"526","Band-tailed Pigeon","Patagioenas fasciata (Say, 1822)","2495266","LEAST_CONCERN"
"527","Eurasian Collared-Dove","Streptopelia decaocto (Frivaldszky, 1838)","2495696","LEAST_CONCERN"
"528","White-winged Dove","Zenaida asiatica (Linnaeus, 1758)","2495370","LEAST_CONCERN"
"529","Mourning Dove","Zenaida macroura (Linnaeus, 1758)","2495347","LEAST_CONCERN"
"530","Inca Dove","Columbina inca (R.Lesson, 1847)","2495863","LEAST_CONCERN"
"531","Common Ground-Dove","Columbina passerina (Linnaeus, 1758)","2495869","LEAST_CONCERN"
"532","Monk Parakeet","Myiopsitta monachus (Boddaert, 1783)","2479407","LEAST_CONCERN"
"533","Yellow-billed Cuckoo","Coccyzus americanus (Linnaeus, 1758)","2496287","LEAST_CONCERN"
"534","Black-billed Cuckoo","Coccyzus erythropthalmus (A.Wilson, 1811)","2496286","LEAST_CONCERN"
"535","Greater Roadrunner","Geococcyx californianus (Lesson, 1829)","2496459","LEAST_CONCERN"
"536","Barn Owl","Tyto furcata (Temminck, 1827)","9568884","NOT_EVALUATED"
"537","Western Screech-Owl","Megascops kennicottii (D.G.Elliot, 1867)","2497341","LEAST_CONCERN"
"538","Eastern Screech-Owl","Megascops asio (Linnaeus, 1758)","2497415","LEAST_CONCERN"
"539","Great Horned Owl","Bubo virginianus (J.F.Gmelin, 1788)","5959118","LEAST_CONCERN"
"540","Snowy Owl","Bubo scandiacus (Linnaeus, 1758)","5959143","VULNERABLE"
"541","Northern Pygmy-Owl","Glaucidium californicum P.L.Sclater, 1857","5232157","LEAST_CONCERN"
"542","Burrowing Owl","Athene cunicularia (Molina, 1782)","2497240","LEAST_CONCERN"
"543","Barred Owl","Strix varia Barton, 1799","2497541","LEAST_CONCERN"
"544","Northern Saw-whet Owl","Aegolius acadicus (J.F.Gmelin, 1788)","5232207","LEAST_CONCERN"
"545","Common Nighthawk","Chordeiles minor (J.R.Forster, 1771)","2497035","LEAST_CONCERN"
"546","Chimney Swift","Chaetura pelagica (Linnaeus, 1758)","4409023","VULNERABLE"
"547","Vaux's Swift","Chaetura vauxi (J.K.Townsend, 1839)","5228612","LEAST_CONCERN"
"548","White-throated Swift","Aeronautes saxatalis (Woodhouse, 1853)","2477108","LEAST_CONCERN"
"549","Belted Kingfisher","Megaceryle alcyon (Linnaeus, 1758)","2475472","LEAST_CONCERN"
"550","Acorn Woodpecker","Melanerpes formicivorus (Swainson, 1827)","2478133","LEAST_CONCERN"
"551","Gila Woodpecker","Melanerpes uropygialis (S.F.Baird, 1854)","2478112","LEAST_CONCERN"
"552","Golden-fronted Woodpecker","Melanerpes aurifrons (Wagler, 1829)","2478081","LEAST_CONCERN"
"553","Red-bellied Woodpecker","Melanerpes carolinus (Linnaeus, 1758)","2478106","LEAST_CONCERN"
"554","Yellow-bellied Sapsucker","Sphyrapicus varius (Linnaeus, 1766)","2478605","LEAST_CONCERN"
"555","Red-naped Sapsucker","Sphyrapicus nuchalis S.F.Baird, 1858","9406038","LEAST_CONCERN"
"556","Red-breasted Sapsucker","Sphyrapicus ruber (J.F.Gmelin, 1788)","2478597","LEAST_CONCERN"
"557","Ladder-backed Woodpecker","Dryobates scalaris (Wagler, 1829)","8959883","LEAST_CONCERN"
"558","Nuttall's Woodpecker","Dryobates nuttallii (Gambel, 1843)","9088491","LEAST_CONCERN"
"559","Downy Woodpecker","Dryobates pubescens (Linnaeus, 1766)","9149595","LEAST_CONCERN"
"560","Hairy Woodpecker","Leuconotopicus villosus (Linnaeus, 1766)","9192501","LEAST_CONCERN"
"561","Pileated Woodpecker","Dryocopus pileatus (Linnaeus, 1758)","5228824","LEAST_CONCERN"
"562","Say's Phoebe","Sayornis saya (Bonaparte, 1825)","2483607","LEAST_CONCERN"
"563","Cassin's Vireo","Vireo cassinii Xantus de Vesey, 1858","9552291","LEAST_CONCERN"
"564","Blackburnian Warbler","Setophaga fusca (Statius Müller, 1776)","6093199","LEAST_CONCERN"
"565","Boat-tailed Grackle","Quiscalus major Vieillot, 1819","2484133","LEAST_CONCERN"
"566","Black-billed Magpie","Pica pica (Linnaeus, 1758)","5229490","LEAST_CONCERN"
"567","Lark Sparrow","Chondestes grammacus (Say, 1822)","2491651","LEAST_CONCERN"
"568","Black-headed Grosbeak","Pheucticus melanocephalus (Swainson, 1827)","2490487","LEAST_CONCERN"
"569","Bridled Titmouse","Baeolophus wollweberi (Bonaparte, 1850)","2487892","LEAST_CONCERN"
"570","Swainson's Thrush","Catharus ustulatus (Nuttall, 1840)","2490821","LEAST_CONCERN"
"571","Bank Swallow","Riparia riparia (Linnaeus, 1758)","2489160","LEAST_CONCERN"
"572","House Wren","Troglodytes aedon Vieillot, 1809","5231459","LEAST_CONCERN"
"573","Yellow Warbler","Setophaga petechia (Linnaeus, 1766)","7341834","LEAST_CONCERN"
"574","White-winged Crossbill","Loxia leucoptera J.F.Gmelin, 1789","8144830","LEAST_CONCERN"
"575","Vermilion Flycatcher","Pyrocephalus rubinus (Boddaert, 1783)","2483647","LEAST_CONCERN"
"576","Lark Bunting","Calamospiza melanocorys Stejneger, 1885","2491893","LEAST_CONCERN"
"577","Chestnut-sided Warbler","Setophaga pensylvanica (Linnaeus, 1766)","6092942","LEAST_CONCERN"
"578","Great-tailed Grackle","Quiscalus mexicanus (Gmelin, 1788)","9476062","LEAST_CONCERN"
"579","Pygmy Nuthatch","Sitta pygmaea Vigors, 1839","2484907","LEAST_CONCERN"
"580","Blue-headed Vireo","Vireo solitarius (A.Wilson, 1810)","2487456","LEAST_CONCERN"
"581","Yellow-billed Magpie","Pica nuttalli (Audubon, 1837)","5229489","VULNERABLE"
"582","Blackpoll Warbler","Setophaga striata (J.R.Forster, 1772)","6092935","NEAR_THREATENED"
"583","Savannah Sparrow","Passerculus sandwichensis (J.F.Gmelin, 1789)","5231142","LEAST_CONCERN"
"584","Blue Grosbeak","Passerina caerulea (Linnaeus, 1758)","5230862","LEAST_CONCERN"
"585","Common Redpoll","Acanthis flammea (Linnaeus, 1758)","5231630","LEAST_CONCERN"
"586","Ash-throated Flycatcher","Myiarchus cinerascens (Lawrence, 1851)","2483600","LEAST_CONCERN"
"587","Oak Titmouse","Baeolophus inornatus (Gambel, 1845)","2487905","LEAST_CONCERN"
"588","Hermit Thrush","Catharus guttatus (Pallas, 1811)","2490810","LEAST_CONCERN"
"589","Black-throated Blue Warbler","Setophaga caerulescens (J.F.Gmelin, 1789)","7341828","LEAST_CONCERN"
"590","Bronzed Cowbird","Molothrus aeneus (Wagler, 1829)","2484404","LEAST_CONCERN"
"591","Fox Sparrow","Passerella iliaca (Merrem, 1786)","2491872","LEAST_CONCERN"
"592","Cliff Swallow","Argas cooleyi Kohls & Hoogstraal, 1960","7793745","NOT_EVALUATED"
"593","Pacific Wren","Troglodytes pacificus S.F.Baird, 1864","9533566","LEAST_CONCERN"
"594","Black-tailed Gnatcatcher","Polioptila melanura Lawrence, 1857","2487586","LEAST_CONCERN"
"595","Ruby-crowned Kinglet","Regulus calendula (Linnaeus, 1766)","2484597","LEAST_CONCERN"
"596","Curve-billed Thrasher","Toxostoma curvirostre (Swainson, 1827)","5231688","LEAST_CONCERN"
"597","Cedar Waxwing","Bombycilla cedrorum Vieillot, 1808","2484609","LEAST_CONCERN"
"598","Palm Warbler","Setophaga palmarum (J.F.Gmelin, 1789)","7341822","LEAST_CONCERN"
"599","Black Guillemot","Cepphus grylle (Linnaeus, 1758)","2481312","LEAST_CONCERN"
"600","Pigeon Guillemot","Cepphus columba Pallas, 1811","9315520","LEAST_CONCERN"
"601","Black-legged Kittiwake","Rissa tridactyla (Linnaeus, 1758)","2481205","VULNERABLE"
"602","Laughing Gull","Leucophaeus atricilla (Linnaeus, 1758)","6065844","NOT_EVALUATED"
"603","Heermann's Gull","Larus heermanni Cassin, 1852","2481130","NEAR_THREATENED"
"604","Ring-billed Gull","Larus delawarensis Ord, 1815","2481134","LEAST_CONCERN"
"605","Western Gull","Larus occidentalis Audubon, 1839","9656686","LEAST_CONCERN"
"606","California Gull","Larus californicus Lawrence, 1854","2481146","LEAST_CONCERN"
"607","Herring Gull","Larus smithsonianus Coues, 1862","4848480","LEAST_CONCERN"
"608","Glaucous-winged Gull","Larus glaucescens J.F.Naumann, 1840","2481196","LEAST_CONCERN"
"609","Great Black-backed Gull","Larus argentatus x marinus","10305684","Not Available"
"610","Black-bellied Whistling-Duck","Dendrocygna autumnalis (Linnaeus, 1758)","2498393","LEAST_CONCERN"
"611","Snow Goose","Anser caerulescens x canagicus","10498423","Not Available"
"612","Ross's Goose","Anser caerulescens x rossii","9826714","Not Available"
"613","Wood Duck","Aix sponsa (Linnaeus, 1758)","2498387","LEAST_CONCERN"
"614","Gadwall","Mareca strepera (Linnaeus, 1758)","9362027","LEAST_CONCERN"
"615","American Wigeon","Mareca americana x penelope","10863734","Not Available"
"616","Mallard","Mareca strepera x Anas platyrhynchos","10853972","Not Available"
"617","Blue-winged Teal","Spatula discors (Linnaeus, 1766)","9422220","LEAST_CONCERN"
"618","Cinnamon Teal","Spatula cyanoptera (Vieillot, 1816)","9345027","LEAST_CONCERN"
"619","Northern Shoveler","Spatula clypeata (Linnaeus, 1758)","8332393","LEAST_CONCERN"
"620","Northern Pintail","Mareca penelope x Anas acuta","10838105","Not Available"
"621","Green-winged Teal","Anas crecca x carolinensis","9870452","Not Available"
"622","Canvasback","Aythya valisineria (A.Wilson, 1814)","2498256","LEAST_CONCERN"
"623","Redhead","Paragobiodon echinocephalus (Rüppell, 1830)","2378093","LEAST_CONCERN"
"624","Ring-necked Duck","Aythya fuligula x collaris","10545600","Not Available"
"625","Greater Scaup","Aythya fuligula x marila","10382597","Not Available"
"626","Lesser Scaup","Aythya affinis (Eyton, 1838)","2498257","LEAST_CONCERN"
"627","Harlequin Duck","Histrionicus histrionicus (Linnaeus, 1758)","2498224","LEAST_CONCERN"
"628","Surf Scoter","Melanitta perspicillata (Linnaeus, 1758)","2498246","LEAST_CONCERN"
"629","White-winged Scoter","Melanitta deglandi (Bonaparte, 1850)","2498243","LEAST_CONCERN"
"630","Black Scoter","Melanitta nigra (Linnaeus, 1758)","2498247","LEAST_CONCERN"
"631","Bufflehead","Osmia bucephala Cresson, 1864","5039079","NOT_EVALUATED"
"632","Common Goldeneye","Bucephala clangula (Linnaeus, 1758)","2498326","LEAST_CONCERN"
"633","Barrow's Goldeneye","Bucephala islandica (J.F.Gmelin, 1789)","2498325","LEAST_CONCERN"
"634","Hooded Merganser","Lophodytes cucullatus (Linnaeus, 1758)","2498408","LEAST_CONCERN"
"635","Common Merganser","Mergus merganser Linnaeus, 1758","9537647","LEAST_CONCERN"
"636","Red-breasted Merganser","Mergus serrator Linnaeus, 1758","2498375","LEAST_CONCERN"
"637","California Quail","Callipepla californica (Shaw, 1798)","5228080","LEAST_CONCERN"
"638","Gambel's Quail","Callipepla gambelii (Gambel, 1843)","5228072","LEAST_CONCERN"
"639","Ring-necked Pheasant","Phasianus colchicus Linnaeus, 1758","9752149","LEAST_CONCERN"
"640","Red-throated Loon","Gavia stellata (Pontoppidan, 1763)","2481958","LEAST_CONCERN"
"641","Pacific Loon","Gavia pacifica (Lawrence, 1858)","2481955","LEAST_CONCERN"
"642","Common Loon","Gavia immer (Brunnich, 1764)","2481962","LEAST_CONCERN"
"643","Horned Grebe","Podiceps auritus (Linnaeus, 1758)","2482059","VULNERABLE"
"644","Red-necked Grebe","Podiceps grisegena (Boddaert, 1783)","2482051","LEAST_CONCERN"
"645","Eared Grebe","Podiceps nigricollis C.L.Brehm, 1831","2482065","LEAST_CONCERN"
"646","Northern Gannet","Morus bassanus (Linnaeus, 1758)","2480964","LEAST_CONCERN"
"647","Double-crested Cormorant","Phalacrocorax auritus (Lesson, 1831)","2481875","LEAST_CONCERN"
"648","Great Cormorant","Phalacrocorax carbo (Linnaeus, 1758)","2481890","LEAST_CONCERN"
"649","Little Blue Heron","Egretta caerulea (Linnaeus, 1758)","2480894","LEAST_CONCERN"
"650","Reddish Egret","Egretta rufescens (Gmelin, 1789)","2480888","NEAR_THREATENED"
"651","Black-crowned Night-Heron","Nycticorax nycticorax (Linnaeus, 1758)","2480863","LEAST_CONCERN"
"652","Yellow-crowned Night-Heron","Nyctanassa violacea (Linnaeus, 1758)","2480953","LEAST_CONCERN"
"653","White Ibis","Threskiornis molucca (Cuvier, 1829)","2480765","LEAST_CONCERN"
"654","Bald Eagle","Haliaeetus leucocephalus (Linnaeus, 1766)","2480446","LEAST_CONCERN"
"655","Northern Harrier","Circus cyaneus (Linnaeus, 1766)","2480487","LEAST_CONCERN"
"656","Sharp-shinned Hawk","Accipiter striatus Vieillot, 1808","9740253","LEAST_CONCERN"
"657","Cooper's Hawk","Accipiter cooperii (Bonaparte, 1828)","2480621","LEAST_CONCERN"
"658","Red-shouldered Hawk","Buteo lineatus (Gmelin, 1788)","2480529","LEAST_CONCERN"
"659","Broad-winged Hawk","Buteo platypterus (Vieillot, 1823)","2480538","LEAST_CONCERN"
"660","Rough-legged Hawk","Buteo lagopus (Pontoppidan, 1763)","2480524","LEAST_CONCERN"
"661","Golden Eagle","Aquila bivia Emslie & Czaplewski, 1999","8482549","NOT_EVALUATED"
"662","American Kestrel","Falco sparverius Linnaeus, 1758","9685907","LEAST_CONCERN"
"663","Peregrine Falcon","Falco peregrinus Tunstall, 1771","2481047","LEAST_CONCERN"
"664","Purple Gallinule","Porphyrio martinica (Linnaeus, 1766)","5228136","LEAST_CONCERN"
"665","Common Gallinule","Gallinula chloropus (Linnaeus, 1758)","5228199","LEAST_CONCERN"
"666","Black-bellied Plover","Pluvialis squatarola (Linnaeus, 1758)","2480327","LEAST_CONCERN"
"667","Spotted Sandpiper","Actitis macularius (Linnaeus, 1766)","2481798","LEAST_CONCERN"
"668","Sanderling","Calidris alba (Pallas, 1764)","2481748","LEAST_CONCERN"
"669","Dunlin","Calidris alpina (Linnaeus, 1758)","2481759","LEAST_CONCERN"
"670","Wilson's Phalarope","Phalaropus tricolor (Vieillot, 1819)","5229389","LEAST_CONCERN"
"671","Broad-billed Hummingbird","Cynanthus latirostris Swainson, 1827","5228542","LEAST_CONCERN"
"672","Ruby-throated Hummingbird","Archilochus colubris (Linnaeus, 1758)","5228514","LEAST_CONCERN"
"673","Black-chinned Hummingbird","Archilochus alexandri (Bourcier & Mulsant, 1846)","5228513","LEAST_CONCERN"
"674","Anna's Hummingbird","Calypte anna (R.Lesson, 1829)","2476674","LEAST_CONCERN"
"675","Costa's Hummingbird","Calypte costae (Bourcier, 1839)","2476675","LEAST_CONCERN"
"676","Calliope Hummingbird","Selasphorus calliope (Gould, 1847)","7597244","LEAST_CONCERN"
"677","Broad-tailed Hummingbird","Selasphorus platycercus (Swainson, 1827)","2476844","LEAST_CONCERN"
"678","Rufous Hummingbird","Selasphorus rufus (J.F.Gmelin, 1788)","2476855","NEAR_THREATENED"
"679","Allen's Hummingbird","Selasphorus sasin (R.Lesson, 1829)","2476852","LEAST_CONCERN"
"680","Red-headed Woodpecker","Melanerpes erythrocephalus (Linnaeus, 1758)","2478130","LEAST_CONCERN"
"681","Northern Flicker","Colaptes auratus (Linnaeus, 1758)","2478259","LEAST_CONCERN"
"682","Northern Shrike","Falcunculus whitei A.J.Campbell, 1910","4846563","LEAST_CONCERN"
"683","American Crow","Corvus brachyrhynchos C.L.Brehm, 1822","2482507","LEAST_CONCERN"
"684","Great Crested Flycatcher","Myiarchus crinitus (Linnaeus, 1758)","2483597","LEAST_CONCERN"
"685","Hoary Redpoll","Acanthis hornemanni (Holböll, 1843)","5231646","NOT_EVALUATED"
"686","Song Sparrow","Melospiza melodia (A.Wilson, 1810)","2492196","LEAST_CONCERN"
"687","Lazuli Bunting","Passerina amoena (Say, 1822)","5230861","LEAST_CONCERN"
"688","Pine Warbler","Setophaga pinus (Linnaeus, 1766)","7341816","LEAST_CONCERN"
"689","Hutton's Vireo","Vireo huttoni Cassin, 1851","9722986","LEAST_CONCERN"
"690","Brown-headed Cowbird","Molothrus ater (Boddaert, 1783)","2484391","LEAST_CONCERN"
"691","Yellow-rumped Warbler","Setophaga coronata (Linnaeus, 1766)","7341805","LEAST_CONCERN"
"692","Juniper Titmouse","Baeolophus ridgwayi (Richmond, 1902)","2487898","LEAST_CONCERN"
"693","Wood Thrush","Hylocichla mustelina (Gmelin, 1789)","2490872","LEAST_CONCERN"
"694","Lincoln's Sparrow","Melospiza lincolnii (Audubon, 1834)","2492192","LEAST_CONCERN"
"695","Northwestern Crow","Corvus caurinus S.F.Baird, 1858","2482523","LEAST_CONCERN"
"696","Common Eider","Somateria mollissima (Linnaeus, 1758)","2498352","NEAR_THREATENED"
"697","Long-tailed Duck","Clangula hyemalis (Linnaeus, 1758)","2498273","VULNERABLE"
"698","Ruddy Duck","Oxyura jamaicensis (J.F.Gmelin, 1789)","2498305","LEAST_CONCERN"
"699","Swainson's Hawk","Buteo swainsoni Bonaparte, 1838","2480562","LEAST_CONCERN"
"700","Red-tailed Hawk","Buteo jamaicensis (Gmelin, 1788)","2480542","LEAST_CONCERN"
"701","Cassin's Kingbird","Tyrannus vociferans Swainson, 1826","5229681","LEAST_CONCERN"
"702","Yellow-throated Warbler","Setophaga dominica (Linnaeus, 1766)","7341800","LEAST_CONCERN"
"703","Pine Siskin","Spinus pinus (A.Wilson, 1810)","5231635","LEAST_CONCERN"
"704","Orchard Oriole","Icterus spurius (Linnaeus, 1766)","5229935","LEAST_CONCERN"
"705","Swamp Sparrow","Melospiza georgiana (Latham, 1790)","2492235","LEAST_CONCERN"
"706","Indigo Bunting","Passerina cyanea (Linnaeus, 1766)","2490327","LEAST_CONCERN"
"707","Cave Swallow","Petrochelidon fulva (Vieillot, 1808)","2489166","LEAST_CONCERN"
"708","Winter Wren","Troglodytes hiemalis Vieillot, 1819","7340825","LEAST_CONCERN"
"709","Prairie Warbler","Setophaga discolor (Vieillot, 1809)","7341789","LEAST_CONCERN"
"710","Fish Crow","Corvus ossifragus A.Wilson, 1812","2482481","LEAST_CONCERN"
"711","Brown-headed Nuthatch","Sitta pusilla Latham, 1790","2484904","LEAST_CONCERN"
"712","Warbling Vireo","Vireo gilvus (Vieillot, 1808)","2487446","LEAST_CONCERN"
"713","Black-throated Gray Warbler","Setophaga nigrescens (J.K.Townsend, 1837)","7341770","LEAST_CONCERN"
"714","White-throated Sparrow","Zonotrichia albicollis (J.F.Gmelin, 1789)","5231140","LEAST_CONCERN"
"715","Lesser Goldfinch","Spinus psaltria (Say, 1822)","5231647","LEAST_CONCERN"
"716","Western Kingbird","Tyrannus verticalis Say, 1823","5229675","LEAST_CONCERN"
"717","Tufted Titmouse","Baeolophus bicolor (Linnaeus, 1766)","2487887","LEAST_CONCERN"
"718","American Robin","Turdus migratorius Linnaeus, 1766","9510564","LEAST_CONCERN"
"719","Hooded Oriole","Icterus cucullatus Swainson, 1827","5229882","LEAST_CONCERN"
"720","California Thrasher","Toxostoma redivivum (Gambel, 1845)","5231713","LEAST_CONCERN"
"721","Townsend's Warbler","Setophaga townsendi (J.K.Townsend, 1837)","6092651","LEAST_CONCERN"
"722","Harris's Sparrow","Zonotrichia querula (Nuttall, 1840)","5231139","NEAR_THREATENED"
"723","Painted Bunting","Passerina ciris (Linnaeus, 1758)","5230852","LEAST_CONCERN"
"724","Hermit Warbler","Setophaga occidentalis (J.K.Townsend, 1837)","6092644","LEAST_CONCERN"
"725","Chihuahuan Raven","Corvus cryptoleucus Couch, 1854","2482500","LEAST_CONCERN"
"726","American Goldfinch","Spinus tristis (Linnaeus, 1758)","5231640","LEAST_CONCERN"
"727","Eastern Kingbird","Tyrannus tyrannus (Linnaeus, 1758)","5229688","LEAST_CONCERN"
"728","Bullock's Oriole","Icterus bullockiorum (Swainson, 1827)","10716565","LEAST_CONCERN"
"729","White-crowned Sparrow","Zonotrichia leucophrys (J.R.Forster, 1772)","5231132","LEAST_CONCERN"
"730","Barn Swallow","Delichon urbicum x Hirundo rustica","10042909","Not Available"
"731","Marsh Wren","Cistothorus palustris (A.Wilson, 1810)","2493863","LEAST_CONCERN"
"732","Black-throated Green Warbler","Setophaga virens (J.F.Gmelin, 1789)","6092631","LEAST_CONCERN"
"733","Red-eyed Vireo","Vireo olivaceus (Linnaeus, 1766)","2487430","LEAST_CONCERN"
"734","Black-crested Titmouse","Baeolophus atricristatus (Cassin, 1850)","2487919","LEAST_CONCERN"
"735","Varied Thrush","Ixoreus naevius (Gmelin, 1789)","2490926","LEAST_CONCERN"
"736","Canada Warbler","Cardellina canadensis (Linnaeus, 1766)","6091946","LEAST_CONCERN"
"737","Golden-crowned Sparrow","Zonotrichia atricapilla (J.F.Gmelin, 1789)","5231138","LEAST_CONCERN"
"738","Dickcissel","Spiza americana (J.F.Gmelin, 1789)","2490363","LEAST_CONCERN"
"739","Common Raven","Papilio castor Westwood, 1842","1937707","NOT_EVALUATED"
"740","Evening Grosbeak","Hesperiphona vespertina (W.Cooper, 1825)","2494324","VULNERABLE"
"741","Scissor-tailed Flycatcher","Tyrannus forficatus (Gmelin, 1789)","5229687","LEAST_CONCERN"
"742","Baltimore Oriole","Icterus galbula (Linnaeus, 1758)","2484340","LEAST_CONCERN"
"743","Wilson's Warbler","Cardellina pusilla (A.Wilson, 1811)","7341606","LEAST_CONCERN"
"744","Dark-eyed Junco","Junco hyemalis (Linnaeus, 1758)","9362842","LEAST_CONCERN"
"745","Yellow-breasted Chat","Icteria virens (Linnaeus, 1758)","2489989","LEAST_CONCERN"
"746","Dark-eyed Junco","Junco hyemalis (Linnaeus, 1758)","9362842","LEAST_CONCERN"
"747","Yellow-rumped Warbler","Setophaga coronata (Linnaeus, 1766)","7341805","LEAST_CONCERN"
"748","European Starling","Sturnus vulgaris Linnaeus, 1758","9809229","LEAST_CONCERN"
"749","Fox Sparrow","Passerella iliaca (Merrem, 1786)","2491872","LEAST_CONCERN"
"750","Summer Tanager","Piranga rubra (Linnaeus, 1758)","2488485","LEAST_CONCERN"
"751","Orchard Oriole","Icterus spurius (Linnaeus, 1766)","5229935","LEAST_CONCERN"
"752","Purple Martin","Progne subis (Linnaeus, 1758)","2489129","LEAST_CONCERN"
"753","American Robin","Turdus migratorius Linnaeus, 1766","9510564","LEAST_CONCERN"
"754","Phainopepla","Phainopepla nitens (Swainson, 1838)","2492885","LEAST_CONCERN"
"755","Snow Bunting","Plectrophenax nivalis (Linnaeus, 1758)","2491719","LEAST_CONCERN"
"756","Common Yellowthroat","Geothlypis trichas (Linnaeus, 1766)","2489670","LEAST_CONCERN"
"757","American Redstart","Setophaga ruticilla (Linnaeus, 1758)","2489985","LEAST_CONCERN"
"758","Magnolia Warbler","Setophaga magnolia (A.Wilson, 1811)","6093209","LEAST_CONCERN"
"759","Bay-breasted Warbler","Setophaga castanea (A.Wilson, 1810)","6093202","LEAST_CONCERN"
"760","Chestnut-sided Warbler","Setophaga pensylvanica (Linnaeus, 1766)","6092942","LEAST_CONCERN"
"761","Blackpoll Warbler","Setophaga striata (J.R.Forster, 1772)","6092935","NEAR_THREATENED"
"762","Black-throated Blue Warbler","Setophaga caerulescens (J.F.Gmelin, 1789)","7341828","LEAST_CONCERN"
"763","Lark Bunting","Calamospiza melanocorys Stejneger, 1885","2491893","LEAST_CONCERN"
"764","White-throated Sparrow","Zonotrichia albicollis (J.F.Gmelin, 1789)","5231140","LEAST_CONCERN"
"765","Harris's Sparrow","Zonotrichia querula (Nuttall, 1840)","5231139","NEAR_THREATENED"
"766","White-crowned Sparrow","Zonotrichia leucophrys (J.R.Forster, 1772)","5231132","LEAST_CONCERN"
"767","Golden-crowned Sparrow","Zonotrichia atricapilla (J.F.Gmelin, 1789)","5231138","LEAST_CONCERN"
"768","Dark-eyed Junco","Junco hyemalis (Linnaeus, 1758)","9362842","LEAST_CONCERN"
"769","Chipping Sparrow","Spizella passerina (Bechstein, 1798)","2492109","LEAST_CONCERN"
"770","Scarlet Tanager","Piranga olivacea (J.F.Gmelin, 1789)","2488517","LEAST_CONCERN"
"771","Western Tanager","Piranga ludoviciana (A.Wilson, 1811)","2488484","LEAST_CONCERN"
"772","Northern Cardinal","Cardinalis cardinalis (Linnaeus, 1758)","2490384","LEAST_CONCERN"
"773","Rose-breasted Grosbeak","Pheucticus ludovicianus (Linnaeus, 1766)","2490494","LEAST_CONCERN"
"774","Black-headed Grosbeak","Pheucticus melanocephalus (Swainson, 1827)","2490487","LEAST_CONCERN"
"775","Blue Grosbeak","Passerina caerulea (Linnaeus, 1758)","5230862","LEAST_CONCERN"
"776","Lazuli Bunting","Passerina amoena (Say, 1822)","5230861","LEAST_CONCERN"
"777","Indigo Bunting","Passerina cyanea (Linnaeus, 1766)","2490327","LEAST_CONCERN"
"778","Painted Bunting","Passerina ciris (Linnaeus, 1758)","5230852","LEAST_CONCERN"
"779","Bobolink","Dolichonyx oryzivorus (Linnaeus, 1758)","2484417","LEAST_CONCERN"
"780","Red-winged Blackbird","Agelaius phoeniceus (Linnaeus, 1766)","9409198","LEAST_CONCERN"
"781","Yellow-headed Blackbird","Xanthocephalus xanthocephalus (Bonaparte, 1826)","2484195","LEAST_CONCERN"
"782","Brewer's Blackbird","Euphagus cyanocephalus (Wagler, 1829)","2484183","LEAST_CONCERN"
"783","Brown-headed Cowbird","Molothrus ater (Boddaert, 1783)","2484391","LEAST_CONCERN"
"784","Hooded Oriole","Icterus cucullatus Swainson, 1827","5229882","LEAST_CONCERN"
"785","Bullock's Oriole","Icterus bullockiorum (Swainson, 1827)","10716565","LEAST_CONCERN"
"786","Baltimore Oriole","Icterus galbula (Linnaeus, 1758)","2484340","LEAST_CONCERN"
"787","Pine Grosbeak","Pinicola enucleator (Linnaeus, 1758)","2494771","LEAST_CONCERN"
"788","Purple Finch","Haemorhous purpureus (J.F.Gmelin, 1789)","7804446","LEAST_CONCERN"
"789","Cassin's Finch","Haemorhous cassinii (S.F.Baird, 1854)","8255548","LEAST_CONCERN"
"790","House Finch","Haemorhous mexicanus (P.L.Statius Müller, 1776)","8323485","LEAST_CONCERN"
"791","Red Crossbill","Loxia curvirostra Linnaeus, 1758","9629160","LEAST_CONCERN"
"792","White-winged Crossbill","Loxia leucoptera J.F.Gmelin, 1789","8144830","LEAST_CONCERN"
"793","Lesser Goldfinch","Spinus psaltria (Say, 1822)","5231647","LEAST_CONCERN"
"794","American Goldfinch","Spinus tristis (Linnaeus, 1758)","5231640","LEAST_CONCERN"
"795","Evening Grosbeak","Hesperiphona vespertina (W.Cooper, 1825)","2494324","VULNERABLE"
"796","House Sparrow","Ceratophyllus fringillae (Walker, 1856)","1417235","NOT_EVALUATED"
"797","Vermilion Flycatcher","Pyrocephalus rubinus (Boddaert, 1783)","2483647","LEAST_CONCERN"
"798","Yellow-rumped Warbler","Setophaga coronata (Linnaeus, 1766)","7341805","LEAST_CONCERN"
"799","Northwestern Crow","Corvus caurinus S.F.Baird, 1858","2482523","LEAST_CONCERN"
"800","Fish Crow","Corvus ossifragus A.Wilson, 1812","2482481","LEAST_CONCERN"
"801","Chihuahuan Raven","Corvus cryptoleucus Couch, 1854","2482500","LEAST_CONCERN"
"802","Common Raven","Papilio castor Westwood, 1842","1937707","NOT_EVALUATED"
"803","Horned Lark","Eremophila alpestris (Linnaeus, 1758)","9415596","LEAST_CONCERN"
"804","Tree Swallow","Tachycineta speleodytes Brodkorb, 1957","8694402","NOT_EVALUATED"
"805","Violet-green Swallow","Tachycineta thalassina (Swainson, 1827)","5230754","LEAST_CONCERN"
"806","Northern Rough-winged Swallow","Stelgidopteryx serripennis (Audubon, 1838)","2489202","LEAST_CONCERN"
"807","Bank Swallow","Riparia riparia (Linnaeus, 1758)","2489160","LEAST_CONCERN"
"808","Cliff Swallow","Argas cooleyi Kohls & Hoogstraal, 1960","7793745","NOT_EVALUATED"
"809","Cave Swallow","Petrochelidon fulva (Vieillot, 1808)","2489166","LEAST_CONCERN"
"810","Barn Swallow","Delichon urbicum x Hirundo rustica","10042909","Not Available"
"811","Carolina Chickadee","Poecile carolinensis (Audubon, 1834)","2487844","LEAST_CONCERN"
"812","Black-capped Chickadee","Poecile atricapillus (Linnaeus, 1766)","2487805","LEAST_CONCERN"
"813","Mountain Chickadee","Poecile gambeli (Ridgway, 1886)","2487825","LEAST_CONCERN"
"814","Chestnut-backed Chickadee","Poecile rufescens (J.K.Townsend, 1837)","2487783","LEAST_CONCERN"
"815","Boreal Chickadee","Poecile hudsonicus (J.R.Forster, 1772)","2487793","LEAST_CONCERN"
"816","Bridled Titmouse","Baeolophus wollweberi (Bonaparte, 1850)","2487892","LEAST_CONCERN"
"817","Oak Titmouse","Baeolophus inornatus (Gambel, 1845)","2487905","LEAST_CONCERN"
"818","Juniper Titmouse","Baeolophus ridgwayi (Richmond, 1902)","2487898","LEAST_CONCERN"
"819","Tufted Titmouse","Baeolophus bicolor (Linnaeus, 1766)","2487887","LEAST_CONCERN"
"820","Black-crested Titmouse","Baeolophus atricristatus (Cassin, 1850)","2487919","LEAST_CONCERN"
"821","Verdin","Auriparus flaviceps (Sundevall, 1850)","2487397","LEAST_CONCERN"
"822","Bushtit","Psaltriparus minimus (J.K.Townsend, 1837)","2494988","LEAST_CONCERN"
"823","Red-breasted Nuthatch","Sitta canadensis Linnaeus, 1766","2484879","LEAST_CONCERN"
"824","White-breasted Nuthatch","Sitta carolinensis Latham, 1790","2484892","LEAST_CONCERN"
"825","Pygmy Nuthatch","Sitta pygmaea Vigors, 1839","2484907","LEAST_CONCERN"
"826","Brown-headed Nuthatch","Sitta pusilla Latham, 1790","2484904","LEAST_CONCERN"
"827","Brown Creeper","Certhia americana Bonaparte, 1838","9581157","LEAST_CONCERN"
"828","Cactus Wren","Campylorhynchus brunneicapillus (Lafresnaye, 1835)","5231474","LEAST_CONCERN"
"829","Canyon Wren","Catherpes mexicanus (Swainson, 1829)","5231430","LEAST_CONCERN"
"830","Carolina Wren","Thryothorus ludovicianus (Latham, 1790)","2493801","LEAST_CONCERN"
"831","Bewick's Wren","Thryomanes bewickii (Audubon, 1827)","2493843","LEAST_CONCERN"
"832","House Wren","Troglodytes aedon Vieillot, 1809","5231459","LEAST_CONCERN"
"833","Pacific Wren","Troglodytes pacificus S.F.Baird, 1864","9533566","LEAST_CONCERN"
"834","Winter Wren","Troglodytes hiemalis Vieillot, 1819","7340825","LEAST_CONCERN"
"835","Marsh Wren","Cistothorus palustris (A.Wilson, 1810)","2493863","LEAST_CONCERN"
"836","Blue-gray Gnatcatcher","Polioptila caerulea (Linnaeus, 1766)","2487596","LEAST_CONCERN"
"837","Black-tailed Gnatcatcher","Polioptila melanura Lawrence, 1857","2487586","LEAST_CONCERN"
"838","American Dipper","Cinclus mexicanus Swainson, 1827","9606873","LEAST_CONCERN"
"839","Golden-crowned Kinglet","Regulus satrapa Lichtenstein, 1823","2484591","LEAST_CONCERN"
"840","Ruby-crowned Kinglet","Regulus calendula (Linnaeus, 1766)","2484597","LEAST_CONCERN"
"841","Wrentit","Chamaea fasciata (Gambel, 1845)","2493558","LEAST_CONCERN"
"842","Eastern Bluebird","Sialia sialis (Linnaeus, 1758)","2490941","LEAST_CONCERN"
"843","Western Bluebird","Sialia mexicana Swainson, 1832","2490936","LEAST_CONCERN"
"844","Mountain Bluebird","Sialia currucoides (Bechstein, 1798)","2490935","LEAST_CONCERN"
"845","Townsend's Solitaire","Myadestes townsendi (Audubon, 1838)","2490849","LEAST_CONCERN"
"846","Veery","Catharus fuscescens (Stephens, 1817)","2490804","LEAST_CONCERN"
"847","Swainson's Thrush","Catharus ustulatus (Nuttall, 1840)","2490821","LEAST_CONCERN"
"848","Hermit Thrush","Catharus guttatus (Pallas, 1811)","2490810","LEAST_CONCERN"
"849","Wood Thrush","Hylocichla mustelina (Gmelin, 1789)","2490872","LEAST_CONCERN"
"850","Varied Thrush","Ixoreus naevius (Gmelin, 1789)","2490926","LEAST_CONCERN"
"851","Gray Catbird","Dumetella carolinensis (Linnaeus, 1766)","2494936","LEAST_CONCERN"
"852","Northern Mockingbird","Mimus polyglottos (Linnaeus, 1758)","5231677","LEAST_CONCERN"
"853","Brown Thrasher","Toxostoma rufum (Linnaeus, 1758)","9479809","LEAST_CONCERN"
"854","Curve-billed Thrasher","Toxostoma curvirostre (Swainson, 1827)","5231688","LEAST_CONCERN"
"855","California Thrasher","Toxostoma redivivum (Gambel, 1845)","5231713","LEAST_CONCERN"
"856","European Starling","Sturnus vulgaris Linnaeus, 1758","9809229","LEAST_CONCERN"
"857","American Pipit","Anthus rubescens (Tunstall, 1771)","2490263","LEAST_CONCERN"
"858","Bohemian Waxwing","Bombycilla garrulus (Linnaeus, 1758)","2484605","LEAST_CONCERN"
"859","Cedar Waxwing","Bombycilla cedrorum Vieillot, 1808","2484609","LEAST_CONCERN"
"860","Ovenbird","Seiurus aurocapilla (Linnaeus, 1766)","2489590","LEAST_CONCERN"
"861","Louisiana Waterthrush","Parkesia motacilla (Vieillot, 1809)","6093862","LEAST_CONCERN"
"862","Northern Waterthrush","Parkesia noveboracensis (J.F.Gmelin, 1789)","6093856","LEAST_CONCERN"
"863","Blue-winged Warbler","Vermivora cyanoptera Olson & Reveal, 2009","6093846","LEAST_CONCERN"
"864","Black-and-white Warbler","Mniotilta varia (Linnaeus, 1766)","2489613","LEAST_CONCERN"
"865","Prothonotary Warbler","Protonotaria citrea (Boddaert, 1783)","2489871","LEAST_CONCERN"
"866","Tennessee Warbler","Leiothlypis peregrina (A.Wilson, 1811)","7415507","LEAST_CONCERN"
"867","Orange-crowned Warbler","Leiothlypis celata (Say, 1822)","8169649","LEAST_CONCERN"
"868","Nashville Warbler","Leiothlypis ruficapilla (A.Wilson, 1811)","7531611","LEAST_CONCERN"
"869","MacGillivray's Warbler","Geothlypis tolmiei (J.K.Townsend, 1839)","5789146","LEAST_CONCERN"
"870","Mourning Warbler","Geothlypis philadelphia (A.Wilson, 1810)","5789148","LEAST_CONCERN"
"871","Hooded Warbler","Setophaga citrina (Boddaert, 1783)","6093374","LEAST_CONCERN"
"872","Cape May Warbler","Setophaga tigrina (J.F.Gmelin, 1789)","6093357","LEAST_CONCERN"
"873","Northern Parula","Setophaga americana (Linnaeus, 1758)","6093345","LEAST_CONCERN"
"874","Blackburnian Warbler","Setophaga fusca (Statius Müller, 1776)","6093199","LEAST_CONCERN"
"875","Yellow Warbler","Setophaga petechia (Linnaeus, 1766)","7341834","LEAST_CONCERN"
"876","Palm Warbler","Setophaga palmarum (J.F.Gmelin, 1789)","7341822","LEAST_CONCERN"
"877","Pine Warbler","Setophaga pinus (Linnaeus, 1766)","7341816","LEAST_CONCERN"
"878","Yellow-throated Warbler","Setophaga dominica (Linnaeus, 1766)","7341800","LEAST_CONCERN"
"879","Prairie Warbler","Setophaga discolor (Vieillot, 1809)","7341789","LEAST_CONCERN"
"880","Black-throated Gray Warbler","Setophaga nigrescens (J.K.Townsend, 1837)","7341770","LEAST_CONCERN"
"881","Townsend's Warbler","Setophaga townsendi (J.K.Townsend, 1837)","6092651","LEAST_CONCERN"
"882","Hermit Warbler","Setophaga occidentalis (J.K.Townsend, 1837)","6092644","LEAST_CONCERN"
"883","Black-throated Green Warbler","Setophaga virens (J.F.Gmelin, 1789)","6092631","LEAST_CONCERN"
"884","Canada Warbler","Cardellina canadensis (Linnaeus, 1766)","6091946","LEAST_CONCERN"
"885","Wilson's Warbler","Cardellina pusilla (A.Wilson, 1811)","7341606","LEAST_CONCERN"
"886","Yellow-breasted Chat","Icteria virens (Linnaeus, 1758)","2489989","LEAST_CONCERN"
"887","Green-tailed Towhee","Pipilo chlorurus (Audubon, 1839)","2491276","LEAST_CONCERN"
"888","Spotted Towhee","Pipilo maculatus Swainson, 1827","9709230","LEAST_CONCERN"
"889","Eastern Towhee","Pipilo erythrophthalmus (Linnaeus, 1758)","2491205","LEAST_CONCERN"
"890","Rufous-crowned Sparrow","Aimophila ruficeps (Cassin, 1852)","2491961","LEAST_CONCERN"
"891","Canyon Towhee","Melozone fusca (Swainson, 1827)","7341622","LEAST_CONCERN"
"892","California Towhee","Melozone crissalis (Vigors, 1839)","7341600","LEAST_CONCERN"
"893","Abert's Towhee","Melozone aberti (S.F.Baird, 1852)","7341587","LEAST_CONCERN"
"894","American Tree Sparrow","Spizelloides arborea (A.Wilson, 1810)","7357320","NOT_EVALUATED"
"895","Clay-colored Sparrow","Spizella pallida (Swainson, 1832)","2492101","LEAST_CONCERN"
"896","Brewer's Sparrow","Spizella breweri Cassin, 1856","2492099","LEAST_CONCERN"
"897","Field Sparrow","Spizella pusilla (A.Wilson, 1810)","2492096","LEAST_CONCERN"
"898","Vesper Sparrow","Pooecetes gramineus (J.F.Gmelin, 1789)","2491728","LEAST_CONCERN"
"899","Lark Sparrow","Chondestes grammacus (Say, 1822)","2491651","LEAST_CONCERN"
"900","Savannah Sparrow","Passerculus sandwichensis (J.F.Gmelin, 1789)","5231142","LEAST_CONCERN"
"901","Fox Sparrow","Passerella iliaca (Merrem, 1786)","2491872","LEAST_CONCERN"
"902","Song Sparrow","Melospiza melodia (A.Wilson, 1810)","2492196","LEAST_CONCERN"
"903","Lincoln's Sparrow","Melospiza lincolnii (Audubon, 1834)","2492192","LEAST_CONCERN"
"904","Swamp Sparrow","Melospiza georgiana (Latham, 1790)","2492235","LEAST_CONCERN"
"905","Dark-eyed Junco","Junco hyemalis (Linnaeus, 1758)","9362842","LEAST_CONCERN"
"906","Summer Tanager","Piranga rubra (Linnaeus, 1758)","2488485","LEAST_CONCERN"
"907","Pyrrhuloxia","Cardinalis sinuatus Bonaparte, 1838","2490405","LEAST_CONCERN"
"908","Dickcissel","Spiza americana (J.F.Gmelin, 1789)","2490363","LEAST_CONCERN"
"909","Eastern Meadowlark","Sturnella magna (Linnaeus, 1758)","2484254","NEAR_THREATENED"
"910","Western Meadowlark","Sturnella neglecta Audubon, 1844","9596413","LEAST_CONCERN"
"911","Rusty Blackbird","Euphagus carolinus (Statius Muller, 1776)","2484184","VULNERABLE"
"912","Common Grackle","Quiscalus quiscula (Linnaeus, 1758)","2484155","NEAR_THREATENED"
"913","Boat-tailed Grackle","Quiscalus major Vieillot, 1819","2484133","LEAST_CONCERN"
"914","Great-tailed Grackle","Quiscalus mexicanus (Gmelin, 1788)","9476062","LEAST_CONCERN"
"915","Bronzed Cowbird","Molothrus aeneus (Wagler, 1829)","2484404","LEAST_CONCERN"
"916","Orchard Oriole","Icterus spurius (Linnaeus, 1766)","5229935","LEAST_CONCERN"
"917","Gray-crowned Rosy-Finch","Leucosticte tephrocotis (Swainson, 1832)","2494360","LEAST_CONCERN"
"918","Black Rosy-Finch","Leucosticte atrata Ridgway, 1874","2494372","ENDANGERED"
"919","Brown-capped Rosy-Finch","Leucosticte australis Ridgway, 1874","2494359","ENDANGERED"
"920","Common Redpoll","Acanthis flammea (Linnaeus, 1758)","5231630","LEAST_CONCERN"
"921","Hoary Redpoll","Acanthis hornemanni (Holböll, 1843)","5231646","NOT_EVALUATED"
"922","Pine Siskin","Spinus pinus (A.Wilson, 1810)","5231635","LEAST_CONCERN"
"923","Western Wood-Pewee","Contopus sordidulus P.L.Sclater, 1859","5229754","LEAST_CONCERN"
"924","Eastern Wood-Pewee","Contopus virens (Linnaeus, 1766)","5229734","LEAST_CONCERN"
"925","Least Flycatcher","Empidonax minimus (W.M.Baird & S.F.Baird, 1843)","2482791","LEAST_CONCERN"
"926","Pacific-slope Flycatcher","Empidonax difficilis S.F.Baird, 1858","9568685","LEAST_CONCERN"
"927","Cordilleran Flycatcher","Empidonax occidentalis Nelson, 1897","2482805","LEAST_CONCERN"
"928","Black Phoebe","Sayornis nigricans (Swainson, 1827)","2483612","LEAST_CONCERN"
"929","Eastern Phoebe","Sayornis phoebe (Latham, 1790)","2483606","LEAST_CONCERN"
"930","Say's Phoebe","Sayornis saya (Bonaparte, 1825)","2483607","LEAST_CONCERN"
"931","Ash-throated Flycatcher","Myiarchus cinerascens (Lawrence, 1851)","2483600","LEAST_CONCERN"
"932","Great Crested Flycatcher","Myiarchus crinitus (Linnaeus, 1758)","2483597","LEAST_CONCERN"
"933","Cassin's Kingbird","Tyrannus vociferans Swainson, 1826","5229681","LEAST_CONCERN"
"934","Western Kingbird","Tyrannus verticalis Say, 1823","5229675","LEAST_CONCERN"
"935","Eastern Kingbird","Tyrannus tyrannus (Linnaeus, 1758)","5229688","LEAST_CONCERN"
"936","Scissor-tailed Flycatcher","Tyrannus forficatus (Gmelin, 1789)","5229687","LEAST_CONCERN"
"937","Loggerhead Shrike","Lanius ludovicianus Linnaeus, 1766","2492870","NEAR_THREATENED"
"938","Northern Shrike","Falcunculus whitei A.J.Campbell, 1910","4846563","LEAST_CONCERN"
"939","White-eyed Vireo","Vireo griseus (Boddaert, 1783)","2487413","LEAST_CONCERN"
"940","Bell's Vireo","Vireo bellii Audubon, 1844","2487441","LEAST_CONCERN"
"941","Yellow-throated Vireo","Vireo flavifrons Vieillot, 1808","2487453","LEAST_CONCERN"
"942","Plumbeous Vireo","Vireo plumbeus Coues, 1866","9353154","LEAST_CONCERN"
"943","Cassin's Vireo","Vireo cassinii Xantus de Vesey, 1858","9552291","LEAST_CONCERN"
"944","Blue-headed Vireo","Vireo solitarius (A.Wilson, 1810)","2487456","LEAST_CONCERN"
"945","Hutton's Vireo","Vireo huttoni Cassin, 1851","9722986","LEAST_CONCERN"
"946","Warbling Vireo","Vireo gilvus (Vieillot, 1808)","2487446","LEAST_CONCERN"
"947","Red-eyed Vireo","Vireo olivaceus (Linnaeus, 1766)","2487430","LEAST_CONCERN"
"948","Gray Jay","Perisoreus canadensis (Linnaeus, 1766)","2482436","LEAST_CONCERN"
"949","Steller's Jay","Cyanocitta stelleri (Gmelin, 1788)","2482598","LEAST_CONCERN"
"950","Blue Jay","Cyanocitta cristata (Linnaeus, 1758)","2482593","LEAST_CONCERN"
"951","Florida Scrub-Jay","Aphelocoma coerulescens (Bosc, 1795)","2482400","VULNERABLE"
"952","Western Scrub-Jay","Aphelocoma californica (Vigors, 1839)","2482414","LEAST_CONCERN"
"953","Mexican Jay","Aphelocoma wollweberi Kaup, 1855","9441907","LEAST_CONCERN"
"954","Clark's Nutcracker","Nucifraga columbiana (A.Wilson, 1811)","2482614","LEAST_CONCERN"
"955","Black-billed Magpie","Pica pica (Linnaeus, 1758)","5229490","LEAST_CONCERN"
"956","Yellow-billed Magpie","Pica nuttalli (Audubon, 1837)","5229489","VULNERABLE"
"957","American Crow","Corvus brachyrhynchos C.L.Brehm, 1822","2482507","LEAST_CONCERN"
"958","Yellow-rumped Warbler","Setophaga coronata (Linnaeus, 1766)","7341805","LEAST_CONCERN"
"959","Purple Martin","Progne subis (Linnaeus, 1758)","2489129","LEAST_CONCERN"
"960","American Robin","Turdus migratorius Linnaeus, 1766","9510564","LEAST_CONCERN"
"961","Phainopepla","Phainopepla nitens (Swainson, 1838)","2492885","LEAST_CONCERN"
"962","Snow Bunting","Plectrophenax nivalis (Linnaeus, 1758)","2491719","LEAST_CONCERN"
"963","Common Yellowthroat","Geothlypis trichas (Linnaeus, 1766)","2489670","LEAST_CONCERN"
"964","American Redstart","Setophaga ruticilla (Linnaeus, 1758)","2489985","LEAST_CONCERN"
"965","Magnolia Warbler","Setophaga magnolia (A.Wilson, 1811)","6093209","LEAST_CONCERN"
"966","Bay-breasted Warbler","Setophaga castanea (A.Wilson, 1810)","6093202","LEAST_CONCERN"
"967","Chestnut-sided Warbler","Setophaga pensylvanica (Linnaeus, 1766)","6092942","LEAST_CONCERN"
"968","Blackpoll Warbler","Setophaga striata (J.R.Forster, 1772)","6092935","NEAR_THREATENED"
"969","Black-throated Blue Warbler","Setophaga caerulescens (J.F.Gmelin, 1789)","7341828","LEAST_CONCERN"
"970","Lark Bunting","Calamospiza melanocorys Stejneger, 1885","2491893","LEAST_CONCERN"
"971","White-throated Sparrow","Zonotrichia albicollis (J.F.Gmelin, 1789)","5231140","LEAST_CONCERN"
"972","Harris's Sparrow","Zonotrichia querula (Nuttall, 1840)","5231139","NEAR_THREATENED"
"973","White-crowned Sparrow","Zonotrichia leucophrys (J.R.Forster, 1772)","5231132","LEAST_CONCERN"
"974","Golden-crowned Sparrow","Zonotrichia atricapilla (J.F.Gmelin, 1789)","5231138","LEAST_CONCERN"
"975","Dark-eyed Junco","Junco hyemalis (Linnaeus, 1758)","9362842","LEAST_CONCERN"
"976","Chipping Sparrow","Spizella passerina (Bechstein, 1798)","2492109","LEAST_CONCERN"
"977","Scarlet Tanager","Piranga olivacea (J.F.Gmelin, 1789)","2488517","LEAST_CONCERN"
"978","Western Tanager","Piranga ludoviciana (A.Wilson, 1811)","2488484","LEAST_CONCERN"
"979","Northern Cardinal","Cardinalis cardinalis (Linnaeus, 1758)","2490384","LEAST_CONCERN"
"980","Rose-breasted Grosbeak","Pheucticus ludovicianus (Linnaeus, 1766)","2490494","LEAST_CONCERN"
"981","Black-headed Grosbeak","Pheucticus melanocephalus (Swainson, 1827)","2490487","LEAST_CONCERN"
"982","Blue Grosbeak","Passerina caerulea (Linnaeus, 1758)","5230862","LEAST_CONCERN"
"983","Lazuli Bunting","Passerina amoena (Say, 1822)","5230861","LEAST_CONCERN"
"984","Indigo Bunting","Passerina cyanea (Linnaeus, 1766)","2490327","LEAST_CONCERN"
"985","Painted Bunting","Passerina ciris (Linnaeus, 1758)","5230852","LEAST_CONCERN"
"986","Bobolink","Dolichonyx oryzivorus (Linnaeus, 1758)","2484417","LEAST_CONCERN"
"987","Red-winged Blackbird","Agelaius phoeniceus (Linnaeus, 1766)","9409198","LEAST_CONCERN"
"988","Yellow-headed Blackbird","Xanthocephalus xanthocephalus (Bonaparte, 1826)","2484195","LEAST_CONCERN"
"989","Brewer's Blackbird","Euphagus cyanocephalus (Wagler, 1829)","2484183","LEAST_CONCERN"
"990","Brown-headed Cowbird","Molothrus ater (Boddaert, 1783)","2484391","LEAST_CONCERN"
"991","Hooded Oriole","Icterus cucullatus Swainson, 1827","5229882","LEAST_CONCERN"
"992","Bullock's Oriole","Icterus bullockiorum (Swainson, 1827)","10716565","LEAST_CONCERN"
"993","Baltimore Oriole","Icterus galbula (Linnaeus, 1758)","2484340","LEAST_CONCERN"
"994","Pine Grosbeak","Pinicola enucleator (Linnaeus, 1758)","2494771","LEAST_CONCERN"
"995","Purple Finch","Haemorhous purpureus (J.F.Gmelin, 1789)","7804446","LEAST_CONCERN"
"996","Cassin's Finch","Haemorhous cassinii (S.F.Baird, 1854)","8255548","LEAST_CONCERN"
"997","House Finch","Haemorhous mexicanus (P.L.Statius Müller, 1776)","8323485","LEAST_CONCERN"
"998","Red Crossbill","Loxia curvirostra Linnaeus, 1758","9629160","LEAST_CONCERN"
"999","White-winged Crossbill","Loxia leucoptera J.F.Gmelin, 1789","8144830","LEAST_CONCERN"
"1000","Lesser Goldfinch","Spinus psaltria (Say, 1822)","5231647","LEAST_CONCERN"
"1001","American Goldfinch","Spinus tristis (Linnaeus, 1758)","5231640","LEAST_CONCERN"
"1002","Evening Grosbeak","Hesperiphona vespertina (W.Cooper, 1825)","2494324","VULNERABLE"
"1003","House Sparrow","Ceratophyllus fringillae (Walker, 1856)","1417235","NOT_EVALUATED"
"1004","Vermilion Flycatcher","Pyrocephalus rubinus (Boddaert, 1783)","2483647","LEAST_CONCERN"
"1005","European Starling","Sturnus vulgaris Linnaeus, 1758","9809229","LEAST_CONCERN"
"1006","Fox Sparrow","Passerella iliaca (Merrem, 1786)","2491872","LEAST_CONCERN"
"1007","Summer Tanager","Piranga rubra (Linnaeus, 1758)","2488485","LEAST_CONCERN"
"1008","Orchard Oriole","Icterus spurius (Linnaeus, 1766)","5229935","LEAST_CONCERN"
"1009","Yellow-rumped Warbler","Setophaga coronata (Linnaeus, 1766)","7341805","LEAST_CONCERN"
"1010","Dark-eyed Junco","Junco hyemalis (Linnaeus, 1758)","9362842","LEAST_CONCERN"
